-- MySQL dump 10.13  Distrib 8.0.16, for Win64 (x86_64)
--
-- Host: localhost    Database: doanfunix
-- ------------------------------------------------------
-- Server version	8.0.16

/*!40101 SET @OLD_CHARACTER_SET_CLIENT=@@CHARACTER_SET_CLIENT */;
/*!40101 SET @OLD_CHARACTER_SET_RESULTS=@@CHARACTER_SET_RESULTS */;
/*!40101 SET @OLD_COLLATION_CONNECTION=@@COLLATION_CONNECTION */;
 SET NAMES utf8 ;
/*!40103 SET @OLD_TIME_ZONE=@@TIME_ZONE */;
/*!40103 SET TIME_ZONE='+00:00' */;
/*!40014 SET @OLD_UNIQUE_CHECKS=@@UNIQUE_CHECKS, UNIQUE_CHECKS=0 */;
/*!40014 SET @OLD_FOREIGN_KEY_CHECKS=@@FOREIGN_KEY_CHECKS, FOREIGN_KEY_CHECKS=0 */;
/*!40101 SET @OLD_SQL_MODE=@@SQL_MODE, SQL_MODE='NO_AUTO_VALUE_ON_ZERO' */;
/*!40111 SET @OLD_SQL_NOTES=@@SQL_NOTES, SQL_NOTES=0 */;

--
-- Table structure for table `category`
--

DROP TABLE IF EXISTS `category`;
/*!40101 SET @saved_cs_client     = @@character_set_client */;
 SET character_set_client = utf8mb4 ;
CREATE TABLE `category` (
  `id` int(11) NOT NULL AUTO_INCREMENT,
  `name` varchar(100) CHARACTER SET utf8 COLLATE utf8_general_ci NOT NULL,
  `description` varchar(200) DEFAULT NULL,
  `status` varchar(45) NOT NULL DEFAULT 'Enable',
  PRIMARY KEY (`id`),
  UNIQUE KEY `name_UNIQUE` (`name`)
) ENGINE=InnoDB AUTO_INCREMENT=24 DEFAULT CHARSET=utf8;
/*!40101 SET character_set_client = @saved_cs_client */;

--
-- Dumping data for table `category`
--

LOCK TABLES `category` WRITE;
/*!40000 ALTER TABLE `category` DISABLE KEYS */;
INSERT INTO `category` VALUES (1,'Vì Trẻ Em','Giúp đỡ trẻ em vùng cao, trẻ em nghèo, mồ côi, có hoàn cảnh khó khăn','Enable'),(2,'Người Già,Người Khuyết Tật','Giúp đỡ người già neo đơn, người vô gia cư, không nơi nương tựa','Enable'),(3,'Bệnh Hiểm Nghèo','Giúp đỡ trẻ em, người mắc bệnh hiểm nghèo','Enable'),(4,'Hoàn Cảnh Khó Khăn','Giúp đỡ gia đình - hoàn cảnh khó khăn được hòa nhập cuộc sống','Enable'),(5,'Hỗ Trợ Giáo Dục','Xây dựng trường học - Tủ sách yêu thương tiếp sức đến trường cho trẻ em nghèo','Enable'),(6,'Đầu Tư Cơ Sở Vật Chất','Giúp đỡ xây dựng cầu đường, cải tạo nước sạch cho những vùng sâu vùng xa khó khăn','Enable'),(7,'Cứu Trợ Động Vật','Cứu trợ động vật, chó mèo bị bỏ rơi hoặc bị thương cần được chữa trị và chăm sóc phục hồi','Enable'),(8,'Bảo Vệ Môi Trường','Bảo vệ môi trường - Trồng rừng, cải tạo môi trường xanh, nước sạch ','Enable');
/*!40000 ALTER TABLE `category` ENABLE KEYS */;
UNLOCK TABLES;

--
-- Table structure for table `donation`
--

DROP TABLE IF EXISTS `donation`;
/*!40101 SET @saved_cs_client     = @@character_set_client */;
 SET character_set_client = utf8mb4 ;
CREATE TABLE `donation` (
  `id` int(11) NOT NULL AUTO_INCREMENT,
  `donation_amount` int(11) NOT NULL,
  `donation_message` varchar(200) CHARACTER SET utf8 COLLATE utf8_general_ci DEFAULT NULL,
  `created_date` date NOT NULL,
  `user_id` int(11) NOT NULL,
  `fund_id` int(11) NOT NULL,
  PRIMARY KEY (`id`),
  KEY `fk_fund_idx` (`fund_id`),
  KEY `fk_user_idx` (`user_id`),
  CONSTRAINT `fk_fund` FOREIGN KEY (`fund_id`) REFERENCES `fund` (`id`),
  CONSTRAINT `fk_user` FOREIGN KEY (`user_id`) REFERENCES `user` (`id`)
) ENGINE=InnoDB AUTO_INCREMENT=32 DEFAULT CHARSET=utf8;
/*!40101 SET character_set_client = @saved_cs_client */;

--
-- Dumping data for table `donation`
--

LOCK TABLES `donation` WRITE;
/*!40000 ALTER TABLE `donation` DISABLE KEYS */;
INSERT INTO `donation` VALUES (1,20000,'Xin chao','2022-09-09',2,1),(2,200000,'hello','2022-09-16',13,1),(3,50000,'asda','2022-09-16',17,2),(4,560000,'hello','2022-09-16',68,5),(5,600000,'Chúc chương trình thành công!','2022-09-16',3,20),(6,200000,'Chúc chương trình thành công!','2022-09-16',12,23),(7,1000000,'Chúc chương trình nhận được nhiều quyên góp!','2022-09-16',16,25),(8,220000,'Chúc chương trình nhận được nhiều quyên góp!','2022-09-16',14,22),(13,200000,'hello','2022-09-17',68,26),(14,10000,'Test donate vnpay','2022-09-17',68,26),(15,200000,'Chó mèo là bạn của con người,hãy chung tay góp sức để những con vật này có chỗ ở tốt hơn','2022-09-18',69,2),(16,200000,'Mọi người ơi hãy mau giúp đỡ hoàn cảnh đáng thương này','2022-09-18',69,26),(17,600000,'Chúc chương trình này sớm được hoàn thành','2022-09-18',69,20),(18,2000000,'Mình có một chút tấm lòng nhỏ mong chương trình nhận','2022-09-18',11,27),(19,1000000,'Mỗi người chung tay quyên góp vì một tương lai tốt đẹp hơn','2022-09-18',11,25),(26,1500000,'Mọi người ơi hãy mau giúp đỡ hoàn cảnh đáng thương này','2022-09-18',11,23),(27,2500000,'Mỗi người chung tay quyên góp vì một tương lai tốt đẹp hơn','2022-09-18',11,33),(28,200000,'Mỗi người chung tay quyên góp vì một tương lai tốt đẹp hơn','2022-09-25',11,34),(29,200000,'Chúc chương trình nhận được nhiều quyên góp','2022-09-25',11,30),(30,200000,'Chúc chương trình nhận được nhiều quyên góp','2022-10-02',11,32),(31,200000,'Chúc chương trình nhận được nhiều quyên góp','2022-10-04',11,43);
/*!40000 ALTER TABLE `donation` ENABLE KEYS */;
UNLOCK TABLES;

--
-- Table structure for table `foundation`
--

DROP TABLE IF EXISTS `foundation`;
/*!40101 SET @saved_cs_client     = @@character_set_client */;
 SET character_set_client = utf8mb4 ;
CREATE TABLE `foundation` (
  `id` int(11) NOT NULL AUTO_INCREMENT,
  `name` varchar(100) CHARACTER SET utf8 COLLATE utf8_general_ci NOT NULL,
  `description` varchar(1000) CHARACTER SET utf8 COLLATE utf8_general_ci DEFAULT NULL,
  `email` varchar(45) NOT NULL,
  `status` varchar(45) NOT NULL DEFAULT 'Enable',
  PRIMARY KEY (`id`),
  UNIQUE KEY `email_UNIQUE` (`email`),
  UNIQUE KEY `name_UNIQUE` (`name`)
) ENGINE=InnoDB AUTO_INCREMENT=3674 DEFAULT CHARSET=utf8;
/*!40101 SET character_set_client = @saved_cs_client */;

--
-- Dumping data for table `foundation`
--

LOCK TABLES `foundation` WRITE;
/*!40000 ALTER TABLE `foundation` DISABLE KEYS */;
INSERT INTO `foundation` VALUES (2,'Quỹ Từ Thiện & Bảo Trợ Xã Hội Trăng Khuyết','Trăng Khuyết là tổ chức từ thiện nhân đạo, hoạt động độc lập, phi tôn giáo và phi lợi nhuận trên toàn lãnh thổ Việt Nam, nhằm kết nối cộng đồng và thực hiện các hoạt động cứu trợ trực tiếp liên quan đến: bữa ăn, chỗ ở, chăm sóc sức khỏe - tinh thần cho các cụ già không nơi nương tựa và trẻ em bị bỏ rơi.','abc1@gmail.com','Enable'),(3,'Sức Mạnh 2000 - Ánh sáng núi rừng','Quỹ Sức mạnh 2000 thuộc hệ sinh thái Nuôi Em, được thành lập để nâng cao chất lượng Cơ sở vật chất cho các em nhỏ khó khăn vùng cao.Mỗi người 2.000 đồng/ngày, chúng tôi đã xây dựng trong 10 năm qua','abc2@gmail.com','Enable'),(4,'Quỹ Từ Thiện Hoa Chia Sẻ','Quỹ xã hội – từ thiện được thành lập tự nguyện, không vì lợi nhuận, trên nguyên tắc tự tạo vốn. Quỹ hoạt động nhằm mục đích xã hội – từ thiện, ưu tiên giúp đỡ các gia đình khó khăn, có công với cách mạng và hỗ trợ, khuyến khích phát triển văn hóa, giáo dục, y tế, thể dục thể thao, khoa học và các mục đích phát triển cộng đồng phù hợp quy định của pháp luật.','abc3@gmail.com','Enable'),(5,'Quỹ Hy Vọng - Hope Foundation','Ra đời năm 2017, Quỹ Hy Vọng là một quỹ xã hội - từ thiện hoạt động vì cộng đồng, không vì lợi nhuận, được vận hành bởi Báo điện tử VnExpress và Công ty cổ phần FPT. Quỹ Hy vọng theo đuổi hai mục tiêu: hỗ trợ các hoàn cảnh khó khăn và tạo động lực phát triển.','abc4@gmail.com','Enable'),(6,'VinaCapital Foundation','Tổ chức VinaCapital Foundation (VCF) hoạt động với sứ mệnh trao quyền cho trẻ em và phụ nữ Việt Nam thông qua các chương trình y tế và giáo dục.','abc5@gmail.com','Enable'),(7,'Viện Nghiên cứu Quản lý Phát triển bền vững (MSD)','Là một tổ chức phi chính phủ Việt Nam, MSD nỗ lực hành động thúc đẩy việc thực hiện quyền của các nhóm cộng đồng bị lề hoá, dễ bị tổn thương. MSD cũng là tổ chức đáp ứng nhu cầu và bảo vệ các đối tượng có hoàn cảnh khó khăn, thông qua các dự án và hỗ trợ trẻ em, thanh thiếu niên, phụ nữ, người vô gia cư, người nhập cư và người khuyết tật tại Việt Nam.','abc6@gmail.com','Enable'),(8,'Trung tâm Tương Lai','Trung tâm Tương Lai là tổ chức chuyên hoạt động để hỗ trợ giáo dục và bảo vệ trẻ em và thanh thiếu niên.','abc7@gmail.com','Enable'),(9,'Quỹ Bảo Trợ Thú Cưng Sài Gòn','SPP - Quỹ Bảo trợ thú cưng Sài Gòn mong muốn nhận được sự đóng góp của các nhà hảo tâm để cứu hộ và chăm sóc cho những bé chó mèo bị đánh đập và bỏ rơi do bệnh tật. Sự chung tay giúp đỡ của mọi người là niềm động lực để SPP vững bước trên hành trình bảo trợ các bé.','phamtuanvu12345@gmail.com','Enable'),(3665,'Trung Tâm Hỗ Trợ Học Sinh Sinh Viên TP Hồ Chí Minh','Hỗ trợ học sinh sinh phiên tìm nhà trọ quán ăn giá rẻ','vu.pt172@gmail.com','Enable'),(3666,'Operation Smile','Operation Smile mang lại nụ cười và thay đổi cuộc sống của những trẻ em bị dị tật bẩm sinh trên khuôn mặt ở Việt Nam và khắp thế giới.','operationsmile123@gmail.com','Enable'),(3667,'Sika Vietnam','','sikavietnam@gmail.com','Enable'),(3668,'Anh Chị Nuôi Dự án Nuôi Em','Xuất phát điểm từ việc xây trường mà trẻ vẫn bỏ học vì thiếu ăn nên dự án đã tiến hành Nuôi Cơm vùng cao, cụ thể, mỗi bữa cơm là 8500đ và dự án lo việc nấu đồ ăn (thông qua thầy cô) cơm thì bố mẹ các cháu nấu cho các cháu đem đi (một số địa phương đặc thù thì thầy cô giáo nấu cơm ). Dự án này thực hiện từ 2014, tuy nhiên bùng nổ vào mùa 2018-2019 khi đưa ra mô hình MỘT NGƯỜI - NUÔI MỘT CHÁU  mỗi tháng 150,000, mỗi năm 1,350,000 đặc thù là tính Cá Nhân Hóa (Mỗi người nuôi đều biết mặt mũi, thông tin, sđt bố mẹ thầy cô già làng trưởng bản, hiệu trưởng, Phòng giáo dục và Được lên thăm các cháu 3 lần/năm) + Tính lan tỏa + Tính bền vững ','anhchinuoiduannuoiem@gmail.com','Enable');
/*!40000 ALTER TABLE `foundation` ENABLE KEYS */;
UNLOCK TABLES;

--
-- Table structure for table `fund`
--

DROP TABLE IF EXISTS `fund`;
/*!40101 SET @saved_cs_client     = @@character_set_client */;
 SET character_set_client = utf8mb4 ;
CREATE TABLE `fund` (
  `id` int(11) NOT NULL AUTO_INCREMENT,
  `name` varchar(200) CHARACTER SET utf8 COLLATE utf8_general_ci NOT NULL,
  `description` varchar(1000) DEFAULT NULL,
  `content` varchar(10000) DEFAULT NULL,
  `image_url` varchar(300) DEFAULT NULL,
  `expected_result` bigint(20) NOT NULL DEFAULT '0',
  `status` varchar(45) NOT NULL DEFAULT 'Đang Tiến Hành',
  `created_date` date NOT NULL,
  `end_date` date NOT NULL,
  `category_id` int(11) NOT NULL,
  `foundation_id` int(11) NOT NULL,
  PRIMARY KEY (`id`),
  UNIQUE KEY `name_UNIQUE` (`name`),
  KEY `category_id_idx` (`category_id`),
  KEY `fk_founder_idx` (`foundation_id`),
  CONSTRAINT `fk_category` FOREIGN KEY (`category_id`) REFERENCES `category` (`id`),
  CONSTRAINT `fk_founder` FOREIGN KEY (`foundation_id`) REFERENCES `foundation` (`id`) ON DELETE CASCADE
) ENGINE=InnoDB AUTO_INCREMENT=44 DEFAULT CHARSET=utf8;
/*!40101 SET character_set_client = @saved_cs_client */;

--
-- Dumping data for table `fund`
--

LOCK TABLES `fund` WRITE;
/*!40000 ALTER TABLE `fund` DISABLE KEYS */;
INSERT INTO `fund` VALUES (1,'Chung tay tặng học bổng và tập huấn kỹ năng phòng chống xâm hại, bạo lực cho học sinh khó khăn tại huyện Vĩnh Lợi, tỉnh Bạc Liêu','Cùng gây quỹ tặng 20 suất học bổng và tập huấn kỹ năng phòng chống xâm hại, bạo lực cho học sinh tại huyện Vĩnh Lợi, tỉnh Bạc Liêu.','<h2>C&acirc;u chuyện</h2>\r\n\r\n<p><strong>Những kh&oacute; khăn của c&aacute;c em nhỏ học sinh tại huyện Vĩnh Lợi, tỉnh Bạc Li&ecirc;u</strong></p>\r\n\r\n<p>Huyện Vĩnh Lợi l&agrave; một huyện ngh&egrave;o v&ugrave;ng s&acirc;u, v&ugrave;ng xa thuộc tỉnh Bạc Li&ecirc;u. Người d&acirc;n ở đ&acirc;y chủ yếu l&agrave;m n&ocirc;ng nghiệp, l&agrave;m thu&ecirc; tại chỗ v&agrave; di chuyển đến một số địa phương ngo&agrave;i tỉnh. T&igrave;nh h&igrave;nh ph&aacute;t triển kinh tế x&atilde; hội của Huyện c&ograve;n nhiều kh&oacute; khăn. Đa phần người d&acirc;n mưu sinh kiếm sống bằng nghề l&agrave;m n&ocirc;ng nghiệp cho n&ecirc;n đời sống bấp b&ecirc;nh t&ugrave;y kết quả thu hoạch của từng m&ugrave;a vụ. Trong thời gian vừa qua t&igrave;nh h&igrave;nh dịch Covid19 diễn biến phức tạp đ&atilde; ảnh hưởng rất lớn đến c&ocirc;ng ăn việc l&agrave;m v&agrave; đời sống của người d&acirc;n, đặc biệt đối với trẻ em v&ugrave;ng s&acirc;u v&ugrave;ng xa của huyện điều kiện đến trường cũng gặp rất nhiều kh&oacute; khăn do phụ thuộc v&agrave;o kinh tế từ gia đ&igrave;nh. Hơn l&uacute;c n&agrave;o hết, c&aacute;c em rất cần nhận được sự quan t&acirc;m, tiếp sức từ cộng đồng để c&oacute; th&ecirc;m cơ hội v&agrave; nghị lực bước tiếp những chặng đường tương lai ph&iacute;a trước.</p>\r\n\r\n<p><img alt=\"\" src=\"https://static.mservice.io/blogscontents/momo-upload-api-220811104012-637958112129552594.jpg\" style=\"width:100%\"/><em>C&aacute;c em học sinh tại huyện Vĩnh Lợi rất cần nhận được sự quan t&acirc;m, tiếp sức từ cộng đồng để c&oacute; th&ecirc;m cơ hội v&agrave; nghị lực bước tiếp những chặng đường tương lai ph&iacute;a trước.</em></p>\r\n\r\n<p>Em L&ecirc; Thị Mỹ Huyền sinh năm 2009 l&ecirc;n học lớp 8 năm học 2022-2023 trường THCS Ng&ocirc; Quang Nh&atilde;, x&atilde; Ch&acirc;u Thới, huyện Vĩnh Lợi, tỉnh Bạc Li&ecirc;u. Gia đ&igrave;nh em thuộc diện kh&oacute; khăn, cha mẹ đi l&agrave;m thu&ecirc; do kh&ocirc;ng c&oacute; ruộng canh t&aacute;c, gia đ&igrave;nh c&oacute; 05 người, 02 vợ chồng v&agrave; 03 con. Thu nhập từ việc đi l&agrave;m thu&ecirc; của 02 vợ chồng h&agrave;ng ng&agrave;y trang trải cho việc ăn uống, ăn mặc, đi lại v&agrave; học h&agrave;nh của 03 ch&aacute;u, cho n&ecirc;n gia đ&igrave;nh gặp nhiều kh&oacute; khăn để lo cho c&aacute;c em đến trường, nhưng c&aacute;c em cũng cố gắng kh&ocirc;ng phụ l&ograve;ng cha mẹ bằng kết quả học tập h&agrave;ng năm đạt loại kh&aacute; giỏi trở l&ecirc;n.</p>\r\n\r\n<p><img alt=\"\" src=\"https://static.mservice.io/blogscontents/momo-upload-api-220811104049-637958112490090003.jpg\"style=\"width:100%\" /><em>Em L&ecirc; Thị Mỹ Huyền sinh năm 2009 sinh ra trong một gia đ&igrave;nh thuộc diện kh&oacute; khăn.</em></p>\r\n\r\n<p>Em Phan Quốc Bảo sinh năm 2009 l&ecirc;n học lớp 8 năm học 2022-2023 trường THCS Ng&ocirc; Quang Nh&atilde;, x&atilde; Ch&acirc;u Thới, huyện Vĩnh Lợi, tỉnh Bạc Li&ecirc;u. Gia đ&igrave;nh thuộc diện hộ ngh&egrave;o. Cha mẹ đi B&igrave;nh Dương l&agrave;m thu&ecirc; để kiếm tiền nu&ocirc;i gia đ&igrave;nh (do kh&ocirc;ng c&oacute; ruộng canh t&aacute;c). Gia đ&igrave;nh c&oacute; 06 người, 02 &ocirc;ng/b&agrave; nội tr&ecirc;n 70 tuổi, 02 vợ chồng v&agrave; 02 con. Thu nhập từ việc đi l&agrave;m thu&ecirc; của 02 vợ chồng h&agrave;ng ng&agrave;y gửi về qu&ecirc; nu&ocirc;i &ocirc;ng/b&agrave; v&agrave; 02 con để trang trải cho việc thuốc thang cho &ocirc;ng/b&agrave;, ăn uống, ăn mặc, đi lại v&agrave; học h&agrave;nh của 02 ch&aacute;u. V&igrave; vậy gia đ&igrave;nh gặp rất nhiều kh&oacute; khăn để lo cho 02 con đến trường, nhưng c&aacute;c em cũng cố gắng kh&ocirc;ng phụ l&ograve;ng &ocirc;ng/b&agrave;, cha mẹ bằng kết quả học tập h&agrave;ng năm đạt loại kh&aacute; giỏi trở l&ecirc;n.</p>\r\n\r\n<p><img alt=\"\" src=\"https://static.mservice.io/blogscontents/momo-upload-api-220811104104-637958112648817561.jpg\" style=\"width:100%\"/><em>Em Phan Quốc Bảo sinh năm 2009, bố mẹ l&agrave;m thu&ecirc;, gia đ&igrave;nh th&igrave; đ&ocirc;ng th&agrave;nh vi&ecirc;n kiến kinh tế v&ocirc; c&ugrave;ng kh&oacute; khăn.</em></p>\r\n\r\n<p><strong>C&ugrave;ng g&acirc;y quỹ tặng 20 suất học bổng cho học sinh huyện Vĩnh Lợi, tỉnh Bạc Li&ecirc;u</strong></p>\r\n\r\n<p>Với tinh thần l&aacute; l&agrave;nh đ&ugrave;m l&aacute; r&aacute;ch, tương th&acirc;n tương &aacute;i của người Việt Nam, Trung t&acirc;m Gi&aacute;o dục Sức khỏe v&agrave; Ph&aacute;t triển Cộng đồng Tương Lai &ndash; TP.HCM phối hợp c&ugrave;ng V&iacute; MoMo g&acirc;y quỹ v&agrave; k&ecirc;u gọi ủng hộ 30.000.000 đồng cho chương tr&igrave;nh trao học bổng v&agrave; tập huấn kỹ năng ph&ograve;ng chống x&acirc;m hại, bạo lực cho học sinh tại huyện Vĩnh Lợi, tỉnh Bạc Li&ecirc;u.&nbsp;</p>\r\n\r\n<p>Với truyền thống v&agrave; t&igrave;nh cảm y&ecirc;u thương trẻ em h&atilde;y t&iacute;ch cực tham gia ủng hộ th&ocirc;ng qua v&iacute; điện tử MoMo v&agrave; Tr&aacute;i Tim MoMo. To&agrave;n bộ số tiền ủng hộ sẽ được sử dụng để trao học bổng cho 20 học sinh v&agrave; tập huấn kỹ năng ph&ograve;ng chống x&acirc;m hại, bạo lực cho học sinh tại huyện Vĩnh Lợi, tỉnh Bạc Li&ecirc;u.&nbsp;</p>\r\n\r\n<p><img alt=\"\" src=\"https://static.mservice.io/blogscontents/momo-upload-api-220811104134-637958112944921583.jpg\" style=\"width:100%\"/><em>Chung tay quy&ecirc;n g&oacute;p 20 suất học bổng cho học sinh huyện Vĩnh Lợi, tỉnh Bạc Li&ecirc;u.</em></p>\r\n\r\n<p><em>*Ngay sau khi chiến dịch được ho&agrave;n th&agrave;nh, V&iacute; MoMo c&ugrave;ng Trung t&acirc;m Tương Lai sẽ tiến h&agrave;nh trao học bổng v&agrave; truyền th&ocirc;ng ngay cho c&aacute;c em. Mọi th&ocirc;ng tin về chương tr&igrave;nh sẽ được ch&uacute;ng t&ocirc;i cập nhật tới độc giả trong c&aacute;c b&agrave;i viết tiếp theo.</em></p>\r\n','https://static.mservice.io/blogscontents/momo-upload-api-220811103835-637958111155929159.jpg',50000,'Finish','2022-08-21','2022-10-21',1,8),(2,'Cùng quyên góp quỹ trao tặng thức ăn của các bé cho những nhà nuôi dưỡng tạm thời chó mèo','Hỗ trợ những nhà nuôi dưỡng tạm thời đang khó khăn, giảm bớt gánh nặng để các nhà nuôi dưỡng tạm thời chăm sóc đầy đủ cho các bé thú cưng trong thời gian chờ đợi chủ mới.','<h2>C&acirc;u chuyện</h2>\r\n\r\n<p><strong>Những nh&agrave; nu&ocirc;i dưỡng tạm thời &acirc;m thầm gồng g&aacute;nh</strong></p>\r\n\r\n<p>Mỗi ng&agrave;y c&oacute; rất nhiều động vật, đặc biệt l&agrave; ch&oacute; m&egrave;o bị bỏ rơi, bạo h&agrave;nh. V&agrave; cũng c&oacute; rất nhiều những tấm l&ograve;ng nh&acirc;n &aacute;i từ c&aacute;c c&aacute; nh&acirc;n, c&aacute;c nh&oacute;m, c&aacute;c trạm cứu trợ động vật đang hoạt động t&iacute;ch cực để trợ gi&uacute;p tr&ecirc;n cả nước. Tuy nhi&ecirc;n, trong số đ&oacute; c&oacute; nhiều nh&agrave; nu&ocirc;i dưỡng tạm thời (c&ograve;n gọi l&agrave; foster home) l&agrave; những người đ&atilde; lớn tuổi gặp rất nhiều kh&oacute; khăn.</p>\r\n\r\n<p>Tuổi t&aacute;c, độ tiếp cận với mạng x&atilde; hội, truyền th&ocirc;ng l&agrave; r&agrave;o cản m&agrave; c&aacute;c nh&agrave; nu&ocirc;i dưỡng tạm thời đ&atilde; lớn tuổi gặp phải.&nbsp; B&ecirc;n cạnh đ&oacute;, do quy m&ocirc; nhỏ lẻ, kh&ocirc;ng chuy&ecirc;n nghiệp c&aacute;c foster home &iacute;t nhận được sự quan t&acirc;m.</p>\r\n\r\n<p><img alt=\"\" src=\"https://static.mservice.io/blogscontents/momo-upload-api-220811102333-637958102136275403.jpg\" style=\"width:100%\" /><em>T&igrave;nh trạng ch&oacute; m&egrave;o lang thang xuất hiện c&agrave;ng nhiều</em></p>\r\n\r\n<p><img alt=\"\" src=\"https://static.mservice.io/blogscontents/momo-upload-api-220811102403-637958102435333870.jpg\" style=\"width:100%\" /><em>Dịch bệnh gia tăng, tỉ lệ ch&oacute; m&egrave;o bị bỏ rơi cũng tăng theo</em></p>\r\n\r\n<p>Trong khi đ&oacute;, vấn nạn ch&oacute; m&egrave;o bị bỏ rơi, cơ nhỡ gia tăng h&agrave;ng năm khiến c&aacute;c trạm cứu hộ, c&aacute;c foster home cũng trong t&igrave;nh trạng qu&aacute; tải. Kh&ocirc;ng chỉ thế m&agrave; c&ograve;n k&eacute;o theo nhiều chi ph&iacute; kh&aacute;c như: chi ph&iacute; chăm s&oacute;c ch&oacute;, m&egrave;o lang thang cơ nhỡ, can thiệp y tế với c&aacute;c trường hợp bị nhiễm bệnh, chấn thương&hellip; Đặc biệt chi ph&iacute; thức ăn cũng l&agrave; g&aacute;nh nặng của c&aacute;c nh&agrave; nu&ocirc;i dưỡng tạm thời.</p>\r\n\r\n<p><img alt=\"\" src=\"https://static.mservice.io/blogscontents/momo-upload-api-220811102431-637958102715250188.jpg\" style=\"width:100%\"/><em>Một số gia đ&igrave;nh d&ugrave; kh&oacute; khăn vẫn quyết t&acirc;m trao m&aacute;i ấm cho c&aacute;c b&eacute;&nbsp;</em></p>\r\n\r\n<p>Kh&ocirc;ng chỉ ch&oacute; m&egrave;o cần cứu hộ m&agrave; ch&iacute;nh những nh&agrave; nu&ocirc;i dưỡng tạm thời cũng đang cần được cứu hộ. V&igrave; vậy, SPP huy động quỹ &ldquo;Duy tr&igrave; y&ecirc;u thương&rdquo; với mục ti&ecirc;u hỗ trợ c&aacute;c nh&agrave; nu&ocirc;i dưỡng kh&oacute; khăn.</p>\r\n\r\n<p><strong>C&ugrave;ng chung tay hỗ trợ quỹ &ldquo;Duy tr&igrave; y&ecirc;u thương&rdquo;</strong></p>\r\n\r\n<p>Với sự hỗ trợ của c&aacute;c nh&agrave; hảo t&acirc;m c&oacute; thể mang duy tr&igrave; được m&aacute;i nh&agrave; cho c&aacute;c b&eacute; với t&igrave;nh y&ecirc;u thương để chờ đợi cơ hội được về với chủ mới. Quỹ sau khi được quy&ecirc;n g&oacute;p xong sẽ được d&ugrave;ng để hỗ trợ thức ăn cho c&aacute;c b&eacute;.</p>\r\n\r\n<p><img alt=\"\" src=\"https://static.mservice.io/blogscontents/momo-upload-api-220811102739-637958104590683194.jpg\" style=\"width:100%\" /><em>Mang lại nụ cười cho cả m&aacute;i ấm</em></p>\r\n\r\n<p>SPP kết hợp c&ugrave;ng MoMo k&ecirc;u gọi sự chung tay hỗ trợ của c&aacute;c nh&agrave; hảo t&acirc;m ủng hộ quỹ &ldquo;Duy tr&igrave; y&ecirc;u thương&rdquo; để c&oacute; th&ecirc;m nguồn quỹ mua qu&agrave;, thức ăn cho c&aacute;c b&eacute; cũng như hỗ trợ cho c&aacute;c c&aacute; nh&acirc;n foster ch&oacute; m&egrave;o giảm bớt g&aacute;nh nặng.&nbsp;</p>\r\n\r\n<p><em>*Sau khi ho&agrave;n tất chiến dịch k&ecirc;u gọi đ&oacute;ng g&oacute;p, MoMo sẽ chuyển to&agrave;n bộ số tiền 50,000,000 đồng đ&atilde; g&acirc;y quỹ gửi đến SPP &ndash; Quỹ bảo trợ Th&uacute; cưng S&agrave;i G&ograve;n hỗ trợ chi ph&iacute; để thực hiện quỹ &ldquo;Duy tr&igrave; y&ecirc;u thương&rdquo; sắp tới.</em></p>\r\n','https://static.mservice.io/blogscontents/momo-upload-api-220811102238-637958101586016912.jpg',1000000,'Opening','2022-08-21','2022-10-21',7,9),(5,'Cùng chung tay hỗ trợ chi phí chăm sóc cho chó mèo bị bỏ rơi','SPP - Quỹ Bảo trợ thú cưng Sài Gòn mong muốn nhận được sự đóng góp của các nhà hảo tâm để cứu hộ và chăm sóc cho những bé chó mèo bị đánh đập và bỏ rơi do bệnh tật. Sự chung tay giúp đỡ của mọi người là niềm động lực để SPP vững bước trên hành trình bảo trợ các bé.','<h2>C&acirc;u chuyện</h2>\r\n\r\n<p><strong>SPP với sứ mệnh bảo trợ những b&eacute; ch&oacute; m&egrave;o bị bỏ rơi</strong></p>\r\n\r\n<p>Kể từ khi được th&agrave;nh lập v&agrave;o th&aacute;ng 12 năm 2021, Quỹ Bảo trợ Th&uacute; cưng S&agrave;i G&ograve;n lu&ocirc;n giữ vững mục ti&ecirc;u cứu hộ v&agrave; chăm s&oacute;c th&uacute; cưng bị bỏ rơi v&agrave; n&acirc;ng cao &yacute; thức cộng đồng về t&igrave;nh bạn giữa lo&agrave;i người v&agrave; th&uacute; cưng. Tr&ecirc;n chuyến h&agrave;nh tr&igrave;nh đ&oacute;, ch&uacute;ng t&ocirc;i thường xuy&ecirc;n tiếp cận những b&eacute; ch&oacute; m&egrave;o bị chủ đ&aacute;nh đập v&agrave; vứt bỏ do bệnh tật. Nhiều trường hợp c&aacute;c b&eacute; mắc bệnh nặng, kh&oacute; điều trị như bệnh k&yacute; sinh tr&ugrave;ng m&aacute;u, Care, vi&ecirc;m dạ d&agrave;y, những bệnh dễ l&acirc;y nhiễm n&ecirc;n bị t&aacute;ch khỏi gia đ&igrave;nh chủ nu&ocirc;i v&agrave; bị bỏ rơi ngo&agrave;i đường. Chứng kiến c&aacute;c b&eacute; phải nằm thoi th&oacute;p từng ng&agrave;y kh&ocirc;ng ai chăm s&oacute;c do bệnh tật, ch&uacute;ng t&ocirc;i tin rằng sức mạnh nhỏ b&eacute; của m&igrave;nh c&oacute; thể phần n&agrave;o gi&uacute;p c&aacute;c b&eacute; giảm nhẹ được nỗi đau.</p>\r\n\r\n<p><img alt=\"\" src=\"https://static.mservice.io/blogscontents/momo-upload-api-220809140517-637956507171622385.jpg\" style=\"width:100%\" /><br />\r\n<br />\r\n<em>Nhiều b&eacute; th&uacute; cưng mắc bệnh nặng n&ecirc;n bị chủ bỏ rơi</em></p>\r\n\r\n<p>V&igrave; l&agrave; th&uacute; cưng từng được quan t&acirc;m chăm s&oacute;c n&ecirc;n khi bị bỏ rơi c&aacute;c b&eacute; cũng bị suy sụp về tinh thần, ảnh hưởng đến sức đề kh&aacute;ng khi chống chọi với c&aacute;c căn bệnh nguy hiểm. Ch&oacute; m&egrave;o bị bệnh thường kiệt sức v&agrave; chết nhanh nếu kh&ocirc;ng nhận được sự điều trị kịp thời. Điều đ&oacute; đ&ograve;i hỏi sự chăm s&oacute;c phải được đảm bảo về mặt tinh thần lẫn kỹ thuật.&nbsp;</p>\r\n\r\n<p>Khi được cứu về, c&aacute;c b&eacute; sẽ được chẩn đo&aacute;n bệnh th&ocirc;ng qua b&aacute;c sĩ Th&uacute; y v&agrave; được cho ăn, uống thuốc hoặc c&aacute;ch ly theo sự chỉ dẫn của b&aacute;c sĩ. B&ecirc;n cạnh đ&oacute;, c&aacute;c b&eacute; ch&oacute; m&egrave;o hoang vừa rời khỏi bụng mẹ hay ch&oacute; m&egrave;o đang mang thai cũng được nh&acirc;n vi&ecirc;n của SPP theo d&otilde;i v&agrave; t&uacute;c trực li&ecirc;n tục ph&ograve;ng trường hợp c&aacute;c b&eacute; bị yếu đi v&agrave; tử vong nhanh ch&oacute;ng.</p>\r\n\r\n<p><img alt=\"\" src=\"https://static.mservice.io/blogscontents/momo-upload-api-220809140547-637956507470162977.jpg\" style=\"width:100%\"/></p>\r\n\r\n<p><em>C&aacute;c b&eacute; m&egrave;o đang mang thai lu&ocirc;n được nh&acirc;n vi&ecirc;n SPP t&uacute;c trực b&ecirc;n cạnh&nbsp;</em></p>\r\n\r\n<p><strong>C&ugrave;ng chung tay quy&ecirc;n g&oacute;p để c&aacute;c b&eacute; th&uacute; cưng được hưởng sự chăm s&oacute;c an to&agrave;n v&agrave; bền vững</strong></p>\r\n\r\n<p>Với mong muốn được điều trị v&agrave; chăm s&oacute;c d&agrave;i l&acirc;u cho c&aacute;c b&eacute; ch&oacute; m&egrave;o bị bỏ rơi, SPP đặt mục ti&ecirc;u g&acirc;y quỹ 50.000.000 VNĐ từ c&aacute;c nh&agrave; hảo t&acirc;m để mua th&ecirc;m thiết bị chăm s&oacute;c cho c&aacute;c b&eacute; bị bệnh nặng; tủ đ&ocirc;ng, nồi nấu cơm v&agrave; m&aacute;y xay thức ăn để đảm bảo thức ăn được an to&agrave;n v&agrave; kh&ocirc;ng g&acirc;y hại cho c&aacute;c b&eacute; ch&oacute; m&egrave;o c&oacute; đường ruột yếu. Ngo&agrave;i ra SPP cũng c&oacute; th&ecirc;m ng&acirc;n s&aacute;ch để kh&aacute;m bệnh v&agrave; chi trả cho nh&acirc;n vi&ecirc;n để điều trị, t&uacute;c trực b&ecirc;n cạnh 24/7 cho c&aacute;c b&eacute; c&oacute; nguy cơ tử vong cao.</p>\r\n\r\n<p><img alt=\"\" src=\"https://static.mservice.io/blogscontents/momo-upload-api-220809140611-637956507716452239.jpg\" style=\"width:100%\" /></p>\r\n\r\n<p><em>SPP mong muốn được tiếp sức để mang đến sự chăm s&oacute;c bền vững cho c&aacute;c b&eacute;</em></p>\r\n\r\n<p>Để l&agrave;m được điều n&agrave;y, SPP rất cần sự chung tay quy&ecirc;n g&oacute;p v&agrave; ủng hộ của cộng đồng MoMo để gi&uacute;p c&aacute;c b&eacute; ch&oacute; m&egrave;o c&oacute; th&ecirc;m hy vọng được sống v&agrave; được qu&acirc;y quần c&ugrave;ng con người trở lại.</p>\r\n\r\n<p>Sự đ&oacute;ng g&oacute;p của c&aacute;c bạn d&ugrave; lớn hay nhỏ đều gi&uacute;p đỡ được SPP tr&ecirc;n chuyến h&agrave;nh tr&igrave;nh bảo trợ những sinh mạng yếu ớt v&agrave; lan tỏa t&igrave;nh y&ecirc;u thương th&uacute; cưng đến với cộng đồng.</p>\r\n','https://static.mservice.io/blogscontents/momo-upload-api-220809140430-637956506706342984.jpg',2200000,'Opening','2022-08-21','2022-10-21',7,9),(20,'Cùng quyên góp tặng 20 suất học bổng tiếp bước đến trường cho các em học sinh, sinh viên nghèo có ý chí vươn lên','Cùng chung tay gây quỹ học bổng dành tặng các em học sinh, sinh viên có hoàn cảnh khó khăn nhưng đầy nghị lực vươn lên trong cuộc sống.','<h2>C&acirc;u chuyện</h2>\r\n\r\n<p><strong>X&oacute;t xa trước ho&agrave;n cảnh của c&aacute;c em học sinh ngh&egrave;o</strong></p>\r\n\r\n<p>&ldquo;Mẹ ơi mua s&aacute;ch cho con&hellip;</p>\r\n\r\n<p>Mẹ ơi mua &aacute;o quần mới cho con. &Aacute;o quần con r&aacute;ch hết rồi. Năm nay mẹ mua cho con bộ mới nh&eacute;&hellip;&nbsp;</p>\r\n\r\n<p>Mẹ t&iacute;nh đủ tiền cho con nộp học ph&iacute; chưa&hellip;năm nay học ph&iacute; c&aacute;c trường đại học lại tăng rồi đ&oacute; mẹ&hellip;&rdquo;</p>\r\n\r\n<p>Tiếng con giục khiến l&ograve;ng chị H th&ecirc;m rối bời, vừa thương con vừa tủi cho phận của m&igrave;nh. Trước đ&acirc;y chị cũng l&agrave; một c&ocirc; g&aacute;i xinh đẹp của v&ugrave;ng bản l&agrave;ng. Lấy chồng rồi sinh con khi c&ograve;n rất trẻ, cuộc sống tưởng chừng hạnh ph&uacute;c nhưng rồi tai nạn đ&atilde; xảy ra khi chồng chị bị tai nạn, phải nằm liệt một chỗ.&nbsp;</p>\r\n\r\n<p><img alt=\"\" src=\"https://static.mservice.io/blogscontents/momo-upload-api-220825112806-637970236869188890.jpg\" /><em>Thay v&igrave; cắp s&aacute;ch đến trường, c&aacute;c em phải đi chăn d&ecirc; để kiếm thu nhập phụ gi&uacute;p gia đ&igrave;nh</em></p>\r\n\r\n<p>Từ khi đ&oacute;, chị H l&agrave; trụ cột ch&iacute;nh trong gia đ&igrave;nh, tiền ăn tiền thuốc men, sinh hoạt ph&iacute; đ&atilde; l&agrave; một g&aacute;nh nặng qu&aacute; lớn đối với chị. V&agrave; giờ đ&acirc;y khi năm học mới lại đến, tr&aacute;i tim chị như chị c&agrave;ng bị b&oacute;p nghẹt đi v&igrave; thương con. Chị kh&ocirc;ng biết rằng niềm vui đến trường của con liệu c&oacute; trở th&agrave;nh hiện thực khi m&agrave; nỗi lo c&aacute;i ăn c&aacute;i mặc vẫn đang c&ograve;n đ&oacute;.&nbsp;</p>\r\n\r\n<p><img alt=\"\" src=\"https://static.mservice.io/blogscontents/momo-upload-api-220825112850-637970237301268179.jpg\" /><em>Những đ&ocirc;i b&agrave;n tay lấm lem, quần &aacute;o qu&aacute; nhỏ hoặc qu&aacute; rộng l&agrave; ho&agrave;n cảnh của những em nhỏ nơi đ&acirc;y</em></p>\r\n\r\n<p>Nỗi niềm của chị H v&agrave; cũng ch&iacute;nh nỗi lo lắng của 20 em học sinh m&agrave; Quỹ từ thiện Hoa muốn chia sẻ ng&agrave;y h&ocirc;m nay. Trong niềm vui chung của c&aacute;c em học sinh, sinh vi&ecirc;n n&ocirc; nức đến trường, vẫn c&ograve;n nhiều em c&oacute; ho&agrave;n cảnh kh&oacute; khăn, phải đối mặt giữa chọn lựa, từ bỏ ước mơ, bỏ học để phụ gi&uacute;p gia đ&igrave;nh. Ở c&aacute;i tuổi ăn tuổi lớn vậy m&agrave; đ&ocirc;i vai những c&ocirc; cậu học tr&ograve; n&agrave;y đều phải gồng g&aacute;nh những nỗi lo cơm &aacute;o gạo tiền v&agrave; chặng đường viết tiếp tương lai vẫn c&ograve;n đang dang dở.</p>\r\n\r\n<p><img alt=\"\" src=\"https://static.mservice.io/blogscontents/momo-upload-api-220825112905-637970237455887657.jpg\" /><em>D&ugrave; tuổi c&ograve;n nhỏ, c&aacute;c c&ocirc; b&eacute; - cậu b&eacute; đ&atilde; phải gi&uacute;p đỡ gia đ&igrave;nh những c&ocirc;ng việc nh&agrave; để cha mẹ ra ngo&agrave;i kiếm sống, mưu sinh</em></p>\r\n\r\n<p><strong>Chung tay quy&ecirc;n g&oacute;p tặng 20 suất học bổng cho học sinh, sinh vi&ecirc;n c&oacute; ho&agrave;n cảnh kh&oacute; khăn nhưng phấn đấu vươn l&ecirc;n</strong></p>\r\n\r\n<p>Với tinh thần tương th&acirc;n tương &aacute;i cũng như mục ti&ecirc;u tạo cơ hội cho trẻ em ngh&egrave;o tiếp cận với gi&aacute;o dục, Quỹ Hoa Chia Sẻ phối hợp c&ugrave;ng v&iacute; MoMo l&ecirc;n kế hoạch trao tặng 20 suất học bổng cho c&aacute;c em học sinh, sinh vi&ecirc;n c&oacute; ho&agrave;n cảnh đặc biệt kh&oacute; khăn c&oacute; cơ hội được đi học, được chạm tới tương lai tươi s&aacute;ng hơn.</p>\r\n\r\n<p>Để l&agrave;m được điều n&agrave;y ch&uacute;ng t&ocirc;i mong muốn k&ecirc;u gọi được số tiền 150.000.000 VND từ cộng đồng người d&ugrave;ng Tr&aacute;i Tim MoMo.</p>\r\n\r\n<p>H&atilde;y c&ugrave;ng Quỹ Hoa Chia Sẻ c&oacute; những đ&oacute;ng g&oacute;p thiết thực, gi&uacute;p c&aacute;c em c&oacute; một khoản tiền nhỏ. Khoản tiền n&agrave;y sẽ trang trải phần n&agrave;o đ&oacute; trong cuộc sống, cũng như kịp thời chia sẻ, động vi&ecirc;n c&aacute;c em học sinh, sinh vi&ecirc;n ngh&egrave;o hiếu học c&oacute; th&ecirc;m điều kiện để an t&acirc;m tiếp tục đến trường.&nbsp;</p>\r\n\r\n<p>Sự ủng hộ từ tấm l&ograve;ng nh&acirc;n &aacute;i của qu&yacute; vị sẽ l&agrave; nguồn động vi&ecirc;n, l&agrave; ngọn lửa thắp s&aacute;ng niềm tin tiếp th&ecirc;m nghị lực để c&aacute;c em vững bước tr&ecirc;n con đường học tập của m&igrave;nh.</p>\r\n\r\n<p><em>*Ngay sau khi nhận đủ số tiền từ cộng đồng, Tr&aacute;i Tim MoMo sẽ chuyển to&agrave;n bộ số tiền 150 triệu đồng để tiến h&agrave;nh trao học bổng cho c&aacute;c em học sinh, sinh vi&ecirc;n c&oacute; ho&agrave;n cảnh kh&oacute; khăn. Mọi th&ocirc;ng tin về chương tr&igrave;nh sẽ được ch&uacute;ng t&ocirc;i cập nhật tới độc giả trong c&aacute;c b&agrave;i viết tiếp theo.</em></p>\r\n','https://static.mservice.io/blogscontents/momo-upload-api-220825112700-637970236205398042.jpg',1200000,'Finish','2022-09-03','2022-10-03',1,4),(22,'Chung tay cùng dự án “Quán trọ Sài Gòn bao dung”, xây dựng ngôi nhà che chở cho các cụ già lang thang trên đường phố Sài Gòn','Cùng chung tay với Trăng Khuyết thực hiện xây dựng “Quán trọ Sài Gòn bao dung” để các cụ già neo đơn có thêm một ngôi nhà mới để ở, để được chăm sóc và có một gia đình theo đúng nghĩa.','<p><strong>Khi những kiếp người nhỏ b&eacute; bơ vơ giữa S&agrave;i G&ograve;n rộng lớn</strong></p>\r\n\r\n<p>Kh&ocirc;ng phải ngẫu nhi&ecirc;n m&agrave; người d&acirc;n ở c&aacute;c tỉnh lại t&igrave;m về th&agrave;nh phố n&agrave;y, bởi những giấc mơ đổi đời, hoặc đơn giản chỉ l&agrave; kiếm miếng ăn tại chỗ n&agrave;y. Để rồi giữa S&agrave;i G&ograve;n bao nhi&ecirc;u l&agrave; số phận vẫn m&atilde;i l&ecirc;nh đ&ecirc;nh, phi&ecirc;u bạc. Bao nhi&ecirc;u hi vọng hiện r&otilde; l&ecirc;n khu&ocirc;n mặt khắc khổ của những cụ gi&agrave; đang từng ng&agrave;y nương nhờ nơi h&egrave; phố S&agrave;i G&ograve;n.</p>\r\n\r\n<p>Ch&uacute;ng ta nh&igrave;n thấy sự hoa lệ của những t&ograve;a nh&agrave; cao tầng, những con đường đầy sắc hoa rực rỡ m&agrave; qu&ecirc;n rằng ở đ&acirc;u đ&oacute; của th&agrave;nh phố n&agrave;y vẫn &ldquo;&ocirc;m ấp&rdquo; những người lao động ngh&egrave;o. Họ vẫn miệt m&agrave;i mưu sinh tại S&agrave;i G&ograve;n để kiếm sống, để nu&ocirc;i gia đ&igrave;nh hoặc đơn giản l&agrave; để no bụng từng ng&agrave;y.</p>\r\n\r\n<p><img alt=\"\" src=\"https://static.mservice.io/blogscontents/momo-upload-api-220815154529-637961751290126353.jpg\" style=\"width:100%\" /></p>\r\n\r\n<p><img alt=\"\" src=\"https://static.mservice.io/blogscontents/momo-upload-api-220815154540-637961751402075774.jpg\" style=\"width:100%\" /></p>\r\n\r\n<p><em>Những người lao động ngh&egrave;o vất vả mưu sinh tại S&agrave;i G&ograve;n trong đ&ecirc;m.</em></p>\r\n\r\n<p>C&ocirc; lao c&ocirc;ng qu&eacute;t dọn b&ecirc;n đường, cụ gi&agrave; nhặt ve chai ngo&agrave;i phố, cụ b&agrave; lụm khụm b&aacute;n nước vỉa h&egrave; họ vẫn vui vẻ, vẫn cười hiền mỗi lần Trăng Khuyết gh&eacute; thăm. Bởi cũng do sự th&acirc;n t&igrave;nh giống như một &ldquo;đặc sản&rdquo; của S&agrave;i G&ograve;n m&agrave; hễ khi gặp nhau lại niềm nở,&nbsp; người lớn tuổi gặp bất kỳ người trẻ n&agrave;o cũng gọi &quot;con&quot;, xưng &quot;d&igrave;&quot; hay &quot;ngoại&quot;, gọi nhau như người th&acirc;n trong gia đ&igrave;nh, sự ch&acirc;n t&igrave;nh khiến chốn n&agrave;y chẳng c&oacute; người lạ, chỉ c&oacute; người quen, chẳng thể gh&eacute;t, chỉ c&oacute; thương, người thương người v&igrave; nhau m&agrave; sống.</p>\r\n\r\n<p>Một S&agrave;i G&ograve;n lu&ocirc;n tươi cười d&ugrave; vất vả hay bon chen khổ cực, th&acirc;n thiện mến kh&aacute;ch với nụ cười tr&ecirc;n m&ocirc;i cụ b&aacute;n h&agrave;ng rong hay ch&uacute; xe &ocirc;m nhiệt t&igrave;nh chỉ đường giữa trời nắng đổ. Hệ thống 3 Qu&aacute;n trọ Trăng Khuyết đ&atilde; cưu mang cho hơn 60 cụ gi&agrave; neo đơn tại S&agrave;i G&ograve;n. Gi&uacute;p đỡ về y tế, về nơi ăn , chốn ở cho c&aacute;c cụ đến cuối đời. Đ&oacute; cũng l&agrave; c&aacute;ch Trăng Khuyết đang cố gắng&nbsp; g&oacute;p một phần nhỏ v&agrave;o sự tử tế rộng lớn của th&agrave;nh phố n&agrave;y.&nbsp;</p>\r\n\r\n<p><img alt=\"\" src=\"https://static.mservice.io/blogscontents/momo-upload-api-220815154620-637961751803939135.jpg\" style=\"width:100%\" /></p>\r\n\r\n<p><img alt=\"\" src=\"https://static.mservice.io/blogscontents/momo-upload-api-220815154636-637961751960026379.jpg\" style=\"width:100%\" /></p>\r\n\r\n<p><em>Nhiều mảnh đời cơ nhỡ cần nơi để về, để ngả lưng</em></p>\r\n\r\n<p>Dự &aacute;n &ldquo;Qu&aacute;n trọ S&agrave;i G&ograve;n bao dung&rdquo; sẽ l&agrave; một Qu&aacute;n trọ với diện t&iacute;ch rộng hơn, thoải m&aacute;i hơn. Vị tr&iacute; nằm gần Trung t&acirc;m th&agrave;nh phố hơn. Đặc biệt &ldquo;Qu&aacute;n trọ S&agrave;i G&ograve;n bao dung&rdquo; sẽ nằm gần bệnh viện Thống Nhất, để mỗi khi c&aacute;c cụ đau bệnh, những mẹ bầu gần đến ng&agrave;y chuyển dạ sẽ kh&ocirc;ng c&ograve;n mất qu&aacute; nhiều thời gian di chuyển. Việc hỗ trợ y tế cũng sẽ được tối ưu.&nbsp;&nbsp;</p>\r\n\r\n<p><strong>C&ugrave;ng chung tay x&acirc;y dựng &ldquo;Qu&aacute;n trọ S&agrave;i G&ograve;n bao dung&rdquo; để chăm s&oacute;c được nhiều hơn những cụ gi&agrave; đang c&ograve;n lang thang ngo&agrave;i phố</strong></p>\r\n\r\n<p>Dự &aacute;n sẽ thực hiện x&acirc;y dựng Qu&aacute;n trọ mang t&ecirc;n &ldquo;S&agrave;i G&ograve;n bao dung&rdquo; c&oacute; vị tr&iacute; tại Quận T&acirc;n B&igrave;nh, cặp bờ bao bệnh viện Thống Nhất. Với dự &aacute;n lần n&agrave;y, qu&aacute;n trọ sẽ c&oacute; diện t&iacute;ch rộng gấp 2 lần qu&aacute;n trọ Vu Lan, v&agrave; c&oacute; sức chứa l&ecirc;n đến 40 cụ. Qu&aacute;n trọ cũng sẽ thực hiện triển khai phần sửa sang lại mặt bằng v&agrave; nội thất b&ecirc;n trong. Tổng diện t&iacute;ch sử dụng l&ecirc;n đến 200m2.</p>\r\n\r\n<p><img alt=\"\" src=\"https://static.mservice.io/blogscontents/momo-upload-api-220815154707-637961752274783892.jpg\" style=\"width:100%\" /></p>\r\n\r\n<p><em>Qu&aacute;n trọ S&agrave;i G&ograve;n bao dung c&oacute; vị tr&iacute; gần bệnh viện Thống Nhất ph&ugrave; hợp với nhu cầu di chuyển kh&aacute;m chữa bệnh của c&aacute;c cụ gi&agrave; v&agrave; mẹ bầu</em></p>\r\n\r\n<p><img alt=\"\" src=\"https://static.mservice.io/blogscontents/momo-upload-api-220815154723-637961752434706637.jpg\" style=\"width:100%\" /></p>\r\n\r\n<p><em>Tổng diện t&iacute;ch sử dụng 200m2 đảm bảo kh&ocirc;ng gian sống cho 40 mảnh đời</em></p>\r\n\r\n<p>Để l&agrave;m được điều n&agrave;y, Trăng Khuyết k&ecirc;u gọi sự gi&uacute;p đỡ từ những nh&agrave; hảo t&acirc;m v&agrave; c&aacute;c mạnh thường qu&acirc;n với hy vọng nhận được 3.000.000 Heo V&agrave;ng từ cộng đồng Heo Đất MoMo, to&agrave;n bộ số Heo V&agrave;ng sẽ được nh&agrave; t&agrave;i trợ quy đổi th&agrave;nh 600.000.000 VNĐ để trang trải kinh ph&iacute; thực hiện dự &aacute;n. B&ecirc;n cạnh đ&oacute; một phần kinh ph&iacute; của dự &aacute;n l&agrave; 150.000.000 VNĐ sẽ được k&ecirc;u gọi th&ocirc;ng qua Tr&aacute;i Tim MoMo.</p>\r\n\r\n<p>Rất mong c&aacute;c Mạnh thường qu&acirc;n, c&aacute;c nh&agrave; hảo t&acirc;m sẽ đồng h&agrave;nh c&ugrave;ng dự &aacute;n &ldquo;Qu&aacute;n trọ S&agrave;i G&ograve;n bao dung&rdquo;, v&igrave; c&ograve;n rất nhiều cụ gi&agrave; neo đơn ngo&agrave;i phố cần một chỗ để chở chở ở S&agrave;i G&ograve;n. D&ugrave; số tiền c&oacute; l&agrave; bao nhi&ecirc;u cũng đều đ&aacute;ng tr&acirc;n qu&yacute;, d&ugrave; đ&oacute;ng g&oacute;p n&agrave;o cũng y&ecirc;u thương để c&ugrave;ng chung tay gi&uacute;p đỡ những cụ gi&agrave; đang sống phi&ecirc;u bạt khắp đường phố.</p>\r\n','https://static.mservice.io/blogscontents/momo-upload-api-220815155127-637961754879855068.jpg',200000,'Finish','2022-09-03','2022-10-25',2,2),(23,'Kết nối ước mơ – Tiếp sức cho học sinh Trung học Cơ sở có hoàn cảnh khó khăn tiếp tục đến trường','Cùng chung tay hỗ trợ học bổng cho các em học sinh có hoàn cảnh khó khăn.','<h2>C&acirc;u chuyện</h2>\r\n\r\n<p><strong>Khi đến trường l&agrave; nỗi trăng trở hằng đ&ecirc;m</strong></p>\r\n\r\n<p>&ldquo;D&ugrave; c&oacute; kh&oacute; khăn như thế n&agrave;o đi chăng nữa th&igrave; gia đ&igrave;nh cũng cố gắng nu&ocirc;i Sương đi học đ&agrave;ng ho&agrave;ng, chị n&oacute; đ&atilde; phải bỏ học rồi&hellip;&rdquo; &ndash; n&oacute;i đến đ&acirc;y giọt nước mắt lại lăn d&agrave;i tr&ecirc;n m&aacute; b&agrave; ngoại em Nguyễn Thị T&uacute; Sương, học sinh lớp 6/4 trường THCS Vĩnh Lộc A.&nbsp;</p>\r\n\r\n<p><img alt=\"\" src=\"https://static.mservice.io/blogscontents/momo-upload-api-220914112641-637987516013096326.jpg\" style=\"width:100%\"/><em>Em Nguyễn Thị T&uacute; Sương, học sinh lớp 6/4 trường THCS Vĩnh Lộc A c&ugrave;ng b&agrave; ngoại.</em></p>\r\n\r\n<p>Em Sương thuộc diện mồ c&ocirc;i cả cha lẫn mẹ. Khi em được một tuổi, mẹ ph&aacute;t hiện bản th&acirc;n bị bệnh thận, b&aacute;c sĩ y&ecirc;u cầu phải nằm viện v&agrave; chạy thận nhưng ho&agrave;n cảnh kh&oacute; khăn n&ecirc;n gia đ&igrave;nh kh&ocirc;ng c&oacute; chi ph&iacute; cho mẹ nằm viện. Mẹ về nh&agrave; v&agrave; tự mua thuốc nam uống, kh&ocirc;ng may mẹ bị sốc thuốc nam v&agrave; ra đi m&atilde;i m&atilde;i.&nbsp; Ba em phải vừa l&agrave;m ba, vừa l&agrave;m mẹ chăm s&oacute;c Sương, chị g&aacute;i v&agrave; &ocirc;ng b&agrave; ngoại. Kinh tế kh&oacute; khăn, một m&igrave;nh ba đi l&agrave;m kh&ocirc;ng đủ chăm s&oacute;c gia đ&igrave;nh n&ecirc;n chị g&aacute;i Sương đ&atilde; phải nghỉ học từ lớp 03 để đi l&agrave;m phụ ba nu&ocirc;i &ocirc;ng b&agrave; v&agrave; Sương.&nbsp;</p>\r\n\r\n<p><img alt=\"\" src=\"https://static.mservice.io/blogscontents/momo-upload-api-220914112706-637987516266227420.jpg\" style=\"width:100%\"/><em>Sương mồ c&ocirc;i cả cha lẫn mẹ, hiện tại chị g&aacute;i l&agrave; nguồn thu nhập ch&iacute;nh của gia đ&igrave;nh, vừa lo cho Sương ăn học vừa chăm s&oacute;c &ocirc;ng b&agrave; gi&agrave; yếu.</em></p>\r\n\r\n<p>Tưởng chừng như cuộc sống sẽ như vậy, b&igrave;nh y&ecirc;n tr&ocirc;i qua nhưng s&oacute;ng gi&oacute; lại ập đến gia đ&igrave;nh nhỏ một lần nữa. Ng&agrave;y 09/02/2022, ba em bị tai nạn v&agrave; kh&ocirc;ng qua khỏi. Mọi g&aacute;nh nặng gia đ&igrave;nh l&uacute;c n&agrave;y dồn hết l&ecirc;n vai chị g&aacute;i Sương &ndash; c&ocirc; b&eacute; mới tr&ograve;n 20 tuổi, đang l&agrave;m c&ocirc;ng nh&acirc;n gồng g&aacute;nh nu&ocirc;i em Sương ăn học v&agrave; chăm s&oacute;c cho &ocirc;ng b&agrave; ngoại.&nbsp;</p>\r\n\r\n<p><img alt=\"\" src=\"https://static.mservice.io/blogscontents/momo-upload-api-220914112750-637987516707470176.jpg\" style=\"width:100%\" /><em>Sương c&ugrave;ng chị g&aacute;i v&agrave;o &ocirc;ng b&agrave; ngoại đang sống trong một căn trọ nhỏ, chật hẹp.</em></p>\r\n\r\n<p>B&agrave; ngoại bị bệnh về huyết &aacute;p n&ecirc;n chỉ ở nh&agrave; nội trợ, gần đ&acirc;y b&agrave; c&oacute; nhận giữ trẻ với thu nhập 1.000.000 đồng/ th&aacute;ng. &Ocirc;ng ngoại th&igrave; đi b&aacute;n v&eacute; số, thu nhập bấp b&ecirc;nh, h&ocirc;m b&aacute;n được h&ocirc;m kh&ocirc;ng. Thương &ocirc;ng b&agrave;, thương chị v&agrave; Sương biết rằng em học kh&ocirc;ng chỉ cho bản th&acirc;n m&igrave;nh, m&agrave; em c&ograve;n học cho cả chị. Em biết ơn v&igrave; em c&ograve;n được đến trường, đến lớp, biết ơn chị g&aacute;i đ&atilde; nhường cơ hội qu&yacute; gi&aacute; n&agrave;y cho em n&ecirc;n Sương rất chăm học, em đạt được danh hiệu học sinh Giỏi nhiều năm liền.&nbsp;</p>\r\n\r\n<p>Cả gia đ&igrave;nh bốn người sống chung trong một ph&ograve;ng trọ nhỏ hẹp, đồ đạc ngổn ngang nhưng lu&ocirc;n lạc quan, tin v&agrave;o tương lại sẽ tốt đẹp hơn. V&agrave; tương lai ấy sẽ chỉ thực hiện được bằng con đường học vấn.&nbsp;</p>\r\n\r\n<p><strong>C&ugrave;ng chung tay gi&uacute;p c&aacute;c em học sinh Trung học Cơ sở c&oacute; ho&agrave;n cảnh kh&oacute; khăn tiếp tục đến trường</strong></p>\r\n\r\n<p>Với tinh thần tương th&acirc;n tương &aacute;i của người Việt Nam, Trung t&acirc;m Hỗ trợ học sinh, sinh vi&ecirc;n TP. Hồ Ch&iacute; Minh phối hợp c&ugrave;ng Tr&aacute;i Tim MoMo g&acirc;y quỹ v&agrave; k&ecirc;u gọi ủng hộ 150.000.000 đồng cho chương tr&igrave;nh trao học bổng cho c&aacute;c em học sinh Trung học Cơ sở c&oacute; ho&agrave;n cảnh kh&oacute; khăn như Sương (tương ứng hơn 50 học sinh được hỗ trợ với mức 3 triệu đồng/học sinh)</p>\r\n\r\n<p>Với truyền thống v&agrave; t&igrave;nh cảm y&ecirc;u thương trẻ em h&atilde;y t&iacute;ch cực tham gia ủng hộ th&ocirc;ng qua v&iacute; điện tử MoMo v&agrave; Tr&aacute;i Tim MoMo.&nbsp;</p>\r\n\r\n<p>To&agrave;n bộ số tiền ủng hộ sẽ được sử dụng để trao học bổng cho c&aacute;c em học sinh Trung học Cơ sở c&oacute; ho&agrave;n cảnh kh&oacute; khăn để tiếp th&ecirc;m động lực gi&uacute;p c&aacute;c em tiếp tục đến trường.</p>\r\n\r\n<p><em>*Ngay sau khi chiến dịch được ho&agrave;n th&agrave;nh, Tr&aacute;i Tim MoMo sẽ tiến h&agrave;nh chuyển to&agrave;n bộ số tiền 150 triệu đồng đến để trao học bổng cho c&aacute;c em. Mọi th&ocirc;ng tin về chương tr&igrave;nh sẽ được ch&uacute;ng t&ocirc;i cập nhật tới độc giả trong c&aacute;c b&agrave;i viết tiếp theo.</em></p>\r\n\r\n<p><u><strong>Về chương tr&igrave;nh hỗ trợ học bổng cho học sinh tiếp tục đến trường:</strong></u><br />\r\nChương tr&igrave;nh dự kiến hỗ trợ cho khoảng 800 học sinh thuộc hai cấp học Tiểu học v&agrave; Trung học cơ sở, cụ thể:<br />\r\nHỗ trợ học bổng cho học sinh tiểu học với tổng trị gi&aacute; hơn 1.250.000.000 đồng, tương ứng với trung b&igrave;nh 3.000.000 đồng mỗi bạn.<br />\r\nHỗ trợ học bổng cho học sinh trung học cơ sở với tổng trị gi&aacute; hơn 1.250.000.000 đồng, tương ứng với trung b&igrave;nh 3.000.000 đồng mỗi bạn.&nbsp;</p>\r\n\r\n<p><u><strong>Về Trung t&acirc;m Hỗ trợ học sinh, sinh vi&ecirc;n TP. Hồ Ch&iacute; Minh:</strong></u><br />\r\nL&agrave; đơn vị h&agrave;nh ch&iacute;nh sự nghiệp trực thuộc Th&agrave;nh đo&agrave;n Th&agrave;nh phố Hồ Ch&iacute; Minh được th&agrave;nh lập từ năm 1996 với c&aacute;c chức năng - nhiệm vụ như:&nbsp;<br />\r\nTổ chức c&aacute;c hoạt động chăm lo, hỗ trợ cho học sinh, sinh vi&ecirc;n kh&ocirc;ng v&igrave; lợi nhuận tr&ecirc;n c&aacute;c mảng.<br />\r\nĐời sống vật chất, Đời sống tinh thần, Học tập, nghi&ecirc;n cứu khoa học v&agrave; giao lưu quốc tế.<br />\r\nPhối hợp với c&aacute;c đơn vị doanh nghiệp triển khai c&aacute;c hoạt động mang t&iacute;nh chất hỗ trợ học sinh, sinh vi&ecirc;n với mục ti&ecirc;u phi lợi nhuận.</p>\r\n','https://static.mservice.io/blogscontents/momo-upload-api-220914162712-637987696320626250.jpg',1500000,'Finish','2022-09-15','2022-10-15',4,3665),(25,'Chung tay gây quỹ phẫu thuật cho 20 em bé hở môi, hàm ếch','Gây quỹ tặng 20 nụ cười thay đổi cuộc đời cho các em bé hở môi, hàm ếch.','<h2>C&acirc;u chuyện</h2>\r\n\r\n<p><strong>H&agrave;nh tr&igrave;nh sống &yacute; nghĩa</strong></p>\r\n\r\n<p>Người cha n&agrave;y đang giữ ống oxy để con trai anh c&oacute; thể thở dễ hơn. Con trai anh, b&eacute; Sồng Minh Ch&iacute; vừa trải qua ca phẫu thuật đ&oacute;ng khe hở m&ocirc;i d&agrave;i 40 ph&uacute;t&nbsp; tại bệnh viện Hữu nghị Việt Nam Cuba. M&igrave;nh để &yacute; khi anh đ&oacute;n b&eacute; ở ph&ograve;ng hậu phẫu, từ l&uacute;c thấy con trai được chị điều dưỡng bế ra, mắt anh kh&ocirc;ng hề nh&igrave;n bất cứ điều g&igrave; kh&aacute;c ngo&agrave;i con trai m&igrave;nh.</p>\r\n\r\n<p><img alt=\"\" src=\"https://static.mservice.io/blogscontents/momo-upload-api-220908151348-637982468284366959.jpg\" style=\"width:100%\" /><em>B&eacute; Ch&iacute; Minh kh&ocirc;ng may sinh ra với dị tật mối hở, h&agrave;m ếch bẩm sinh.</em></p>\r\n\r\n<p>Hai cha con b&eacute; Sồng Minh Ch&iacute; l&agrave; người d&acirc;n tộc M&ocirc;ng, sống ở miền cao Bắc Y&ecirc;n, tỉnh Sơn La. Minh Ch&iacute; sinh ra với dị tật khe hở m&ocirc;i, khiến em gặp nhiều kh&oacute; khăn khi b&uacute; mẹ v&agrave; ăn uống. Tuy nhi&ecirc;n do điều kiện sống c&ograve;n nhiều kh&oacute; khăn v&agrave; ở v&ugrave;ng cao xa x&ocirc;i, kh&oacute; tiếp cận với chăm s&oacute;c y tế n&ecirc;n b&eacute; chưa được phẫu thuật.</p>\r\n\r\n<p><img alt=\"\" src=\"https://static.mservice.io/blogscontents/momo-upload-api-220908151421-637982468611785514.jpg\" style=\"width:100%\"/><em>Hai cha con b&eacute; Minh l&agrave; người d&acirc;n tộc M&ocirc;ng, ho&agrave;n cảnh kinh tế gia đ&igrave;nh v&ocirc; c&ugrave;ng kh&oacute; khăn.</em></p>\r\n\r\n<p>Với cả hai cha con, cuộc sống từ trước tới nay chỉ xoay quanh những ruộng l&uacute;a ng&ocirc; v&agrave; những triền đồi thảo quả. Nhưng ng&agrave;y h&ocirc;m qua, anh đ&atilde; đưa Minh Ch&iacute; đi một &ldquo;h&agrave;nh tr&igrave;nh sống &yacute; nghĩa&rdquo; như tr&ecirc;n chiếc &aacute;o m&agrave; anh đang mặc. Được sự hướng dẫn từ Quỹ Bảo Trợ trẻ em, hai cha con lần đầu xa bản, xa ruộng nương để xuống H&agrave; Nội với h&agrave;nh trang l&agrave; niềm hi vọng v&ocirc; bờ: Minh Ch&iacute; sẽ được phẫu thuật.</p>\r\n\r\n<p><img alt=\"\" src=\"https://static.mservice.io/blogscontents/momo-upload-api-220908151451-637982468917176229.jpg\" style=\"width:100%\"/><em>May mắn mỉm cười với cha con anh khi b&eacute; Minh Ch&iacute; c&oacute; cơ hội được phẫu thuật miễn ph&iacute;.</em></p>\r\n\r\n<p>Thật may mắn, Minh Ch&iacute; đủ điều kiện phẫu thuật v&agrave; trong s&aacute;ng ng&agrave;y h&ocirc;m nay, thứ 3 ng&agrave;y 21/6/2022, b&eacute; đ&atilde; được c&aacute;c y b&aacute;c sĩ của bệnh viện Việt Nam Cuba phẫu thuật chữa l&agrave;nh nụ cười, để từ nay về sau b&eacute; kh&ocirc;ng c&ograve;n gặp kh&oacute; khăn khi ăn uống, v&agrave; quan trọng hơn, l&agrave; được nở nụ cười - một nụ cười b&igrave;nh thường như của bao đứa trẻ kh&aacute;c.</p>\r\n\r\n<p><img alt=\"\" src=\"https://static.mservice.io/blogscontents/momo-upload-api-220908151602-637982469623366122.jpg\"style=\"width:100%\" /><em>Giờ đ&acirc;y Minh Ch&iacute; đ&atilde; kh&ocirc;ng c&ograve;n gặp kh&oacute; khăn khi ăn uống, v&agrave; quan trọng hơn, l&agrave; được nở nụ cười - một nụ cười b&igrave;nh thường như của bao đứa trẻ kh&aacute;c.</em></p>\r\n\r\n<p><strong>C&ugrave;ng chung tay chia sẻ y&ecirc;u thương cho cuộc sống th&ecirc;m &yacute; nghĩa</strong></p>\r\n\r\n<p>H&agrave;nh tr&igrave;nh của Operation Smile c&ugrave;ng cộng đồng V&iacute; MoMo đến nay đ&atilde; được hơn 2 năm. V&agrave; nếu nh&igrave;n lại, ch&uacute;ng ta sẽ thấy tự h&agrave;o v&igrave; h&agrave;nh tr&igrave;nh đi c&ugrave;ng nhau l&agrave; một h&agrave;nh tr&igrave;nh v&ocirc; c&ugrave;ng &yacute; nghĩa. Đ&atilde; c&oacute; h&agrave;ng trăm trẻ em nhận được phẫu thuật h&agrave;m mặt nhờ v&agrave;o nguồn kinh ph&iacute; từ cộng đồng ch&uacute;ng ta.</p>\r\n\r\n<p>Để tiếp tục h&agrave;nh tr&igrave;nh n&agrave;y, trong chương tr&igrave;nh g&acirc;y quỹ th&aacute;ng 09, rất mong cộng đồng Tr&aacute;i Tim MoMo v&agrave; người d&ugrave;ng V&iacute; MoMo chung tay c&ugrave;ng Tổ chức Phẫu thuật Nụ Cười quy&ecirc;n g&oacute;p 200.000.000 VNĐ để&nbsp; g&acirc;y quỹ cho 20 em b&eacute; hở m&ocirc;i, h&agrave;m ếch.&nbsp;</p>\r\n\r\n<p><img alt=\"\" src=\"https://static.mservice.io/blogscontents/momo-upload-api-220908151635-637982469951795427.jpg\" style=\"width:100%\"/></p>\r\n\r\n<p><img alt=\"\" src=\"https://static.mservice.io/blogscontents/momo-upload-api-220908151648-637982470086902222.jpg\"style=\"width:100%\" /><em>Chung tay quy&ecirc;n g&oacute;p để đem lại nụ cười l&agrave;nh lặn cho 20 em b&eacute;.</em></p>\r\n\r\n<p>Từ nguồn t&agrave;i trợ n&agrave;y, c&aacute;c bệnh viện, b&aacute;c sĩ, t&igrave;nh nguyện vi&ecirc;n sẽ c&oacute; thể c&ugrave;ng nhau biến đ&oacute;ng g&oacute;p của c&aacute;c mạnh thường qu&acirc;n Heo Đất trở th&agrave;nh những nụ cười trọn vẹn, l&agrave;nh lặn.&nbsp;</p>\r\n\r\n<p><em>*Sau khi nhận đủ số tiền quy&ecirc;n g&oacute;p từ cộng đồng, Tr&aacute;i Tim MoMo sẽ chuyển to&agrave;n bộ số tiền 200&nbsp; triệu tới Operation Smile Vietnam để tiến h&agrave;nh phẫu thuật cho 20 em b&eacute; mắc dị tật hở m&ocirc;i, h&agrave;m ếch tr&ecirc;n khắp đất nước. Th&ocirc;ng tin cập nhật về chương tr&igrave;nh sẽ được gửi đến qu&yacute; vị trong thời gian sớm nhất.</em></p>\r\n','https://static.mservice.io/blogscontents/momo-upload-api-220908151222-637982467425984091.jpg',2000000,'Finish','2022-09-15','2022-10-15',2,3666),(26,'Chung tay hỗ trợ người thợ may Lý Văn Chiến tài hoa nhưng bất hạnh','Kêu gọi gây quỹ giúp chú Chiến có kinh phí mua xe lăn để đi lại và chi trả tiền thuốc, thăm khám bệnh và những bữa ăn hàng ngày.','<h2>C&acirc;u chuyện</h2>\r\n\r\n<p><em><strong>Cuộc sống mỗi người mỗi vẻ, số phận kh&ocirc;ng ai được lựa chọn</strong></em></p>\r\n\r\n<p>Trăng Khuyết l&agrave; nơi nương tựa cuối c&ugrave;ng của ch&uacute; L&yacute; Văn Chiến (sinh năm 1961 tại Tr&agrave; Vinh) trong tuổi xế chiều. Cuộc đời của ch&uacute; vốn đ&atilde; chẳng y&ecirc;n b&igrave;nh, l&uacute;c về gi&agrave; cũng chỉ lẻ b&oacute;ng một m&igrave;nh.&nbsp;</p>\r\n\r\n<p>Sinh ra trong gia đ&igrave;nh ngh&egrave;o kh&oacute;, khi nhỏ sống c&ugrave;ng ba mẹ v&agrave; hai người em. Ba mẹ mất, ch&uacute; v&agrave; hai em cũng sống lay lắt qua ng&agrave;y với những c&ocirc;ng việc c&oacute; thể l&agrave;m. Hai em của ch&uacute; cũng c&oacute; vấn đề về sức khỏe, kh&ocirc;ng thể chăm lo cho ch&uacute;. L&uacute;c khỏe mạnh ch&uacute; l&agrave;m nghề thợ may. Những sản phẩm tự tay ch&uacute; l&agrave;m ra đều được kh&aacute;ch h&agrave;ng ưa chuộng. Ch&uacute; nức tiếng l&agrave; thợ may t&agrave;i hoa ở khu vực Bến V&acirc;n Đồn, Q.4. Tuy nhi&ecirc;n, mọi thứ kh&ocirc;ng như ch&uacute; mong muốn, tai họa ập đến khiến ch&uacute; bị tai biến dẫn đến liệt người.&nbsp;</p>\r\n\r\n<p>Thấy ch&uacute; gặp nạn, người th&acirc;n cũng mang về nu&ocirc;i dưỡng. Tưởng rằng đ&oacute; l&agrave; sự b&aacute;o hiếu của con ch&aacute;u, nhưng thật chất chỉ cơ hội để thỏa m&atilde;n niềm vui ri&ecirc;ng của họ. Ch&uacute; bị lợi dụng, bị chiếm đoạt tiền bạc, đối xử tệ bạc nhưng ch&uacute; cũng chẳng c&ograve;n sức m&agrave; phản kh&aacute;ng. Đến khi kh&ocirc;ng c&ograve;n lợi dụng được, con ch&aacute;u lại đem ch&uacute; ra đường, coi như chối bỏ tr&aacute;ch nhiệm của m&igrave;nh. Thời điểm đ&oacute; ch&uacute; chỉ biết nằm ở ngo&agrave;i đường, ai cho g&igrave; ăn nấy, v&igrave; kh&ocirc;ng thể đi lại, kh&ocirc;ng c&oacute; thu nhập n&ecirc;n ch&uacute; cam chịu số phận. Cũng may, những người thật sự thương ch&uacute; đ&atilde; mang ch&uacute; về Qu&aacute;n trọ đầy t&igrave;nh nghĩa n&agrave;y.&nbsp;</p>\r\n\r\n<p><em><strong>C&oacute; lẽ khoảng đời c&ograve;n lại, ch&uacute; Chiến chỉ c&oacute; thể nằm tr&ecirc;n giường</strong></em></p>\r\n\r\n<p>Hiện tại, ch&uacute; Chiến được c&aacute;c bạn gi&agrave; ở Qu&aacute;n trọ Quận 8 chăm lo v&agrave; bầu bạn. Hằng ng&agrave;y, ch&uacute; chỉ nằm tr&ecirc;n chiếc giường nhỏ đ&oacute;, c&ugrave;ng lắm cũng chỉ nhờ c&aacute;c ch&uacute; gi&uacute;p ngồi dậy. Tuổi ng&agrave;y c&agrave;ng cao, sức cũng dần yếu đi n&ecirc;n ch&uacute; cũng chẳng được rời khỏi giường m&agrave; h&iacute;t thở kh&ocirc;ng kh&iacute; b&ecirc;n ngo&agrave;i. Tai biến cũng khiến ch&uacute; kh&oacute; n&oacute;i chuyện, việc giao tiếp với mọi người đ&atilde; kh&oacute; nay c&ograve;n kh&oacute; hơn. Ch&uacute; cũng sợ l&agrave;m phiền mọi người, sợ họ kh&ocirc;ng hiểu n&ecirc;n chỉ biết &acirc;m thầm nằm đ&oacute;. Mỗi lần gh&eacute; Qu&aacute;n trọ Quận 8, Trăng Khuyết lại nh&igrave;n thấy đ&ocirc;i mắt buồn rầu của ch&uacute;, Trăng Khuyết thương lắm nhưng cũng kh&ocirc;ng biết gi&uacute;p ch&uacute; như thế n&agrave;o mới được. T&acirc;m sự c&ugrave;ng ch&uacute;, Trăng Khuyết mới dần nhận ra niềm mong ước nhỏ b&eacute; của ch&uacute; trong thời gian n&agrave;y. Đ&oacute; l&agrave; mỗi ng&agrave;y ch&uacute; được h&iacute;t thở, được đi lại chứ kh&ocirc;ng phải nằm m&atilde;i tr&ecirc;n chiếc giường n&agrave;y&nbsp;&nbsp;</p>\r\n\r\n<p><strong>H&atilde;y gi&uacute;p ch&uacute; c&oacute; chiếc xe lăn để di chuyển v&agrave; hỗ trợ bữa ăn, thuốc than trong l&uacute;c đau yếu</strong></p>\r\n\r\n<p>Trăng Khuyết biết được mong muốn của ch&uacute; Chiến l&agrave; được đi lại xung quanh, v&igrave; cũng l&acirc;u rồi ch&uacute; kh&ocirc;ng nh&igrave;n ra b&ecirc;n ngo&agrave;i. Mỗi ng&agrave;y tr&ocirc;i qua đều tr&ecirc;n chiếc giường lạnh lẽo đ&atilde; khiến ch&uacute; muốn được h&iacute;t thở kh&ocirc;ng kh&iacute; ngo&agrave;i kia. Ch&iacute;nh v&igrave; thế, Trăng Khuyết quyết định k&ecirc;u gọi sự ủng hộ của c&aacute;c nh&agrave; hảo t&acirc;m, mạnh thường qu&acirc;n gi&uacute;p ch&uacute; c&oacute; kinh ph&iacute; mua xe lăn để ch&uacute; c&oacute; thể đi lại. Chiếc xe lăn cũng sẽ gi&uacute;p ch&uacute; c&oacute; thể hoạt động thoải m&aacute;i hơn nằm tr&ecirc;n giường. Một phần kinh ph&iacute; cũng sẽ để ch&uacute; trang trải cuộc sống h&agrave;ng ng&agrave;y v&agrave; chi trả những khi thăm kh&aacute;m, mua thuốc.&nbsp;</p>\r\n\r\n<p>Trăng Khuyết k&ecirc;u gọi sự gi&uacute;p đỡ với hy vọng g&acirc;y quỹ cộng đồng 20.000.000 đồng th&ocirc;ng qua V&iacute; MoMo. Rất mong nhận được sự ủng hộ của c&aacute;c Mạnh thường qu&acirc;n, c&aacute;c nh&agrave; hảo t&acirc;m trong dự &aacute;n lần n&agrave;y của MoMo v&agrave; Trăng Khuyết để gi&uacute;p đỡ ch&uacute; Chiến c&oacute; được một nguồn kinh ph&iacute; mua xe lăn để c&oacute; thể đi lại thoải m&aacute;i v&agrave; trang trải cuộc sống hằng ng&agrave;y. D&ugrave; số tiền c&oacute; l&agrave; bao nhi&ecirc;u Trằn Khuyết đều tr&acirc;n qu&yacute;, cũng l&agrave; l&uacute;c ch&uacute;ng ta chia sẻ y&ecirc;u thương đến ch&uacute;.</p>\r\n','https://static.mservice.io/blogscontents/momo-upload-api-220829141210-637973791305528415.jpg',4000000,'Opening','2022-09-17','2022-10-17',2,2),(27,'Chung tay xóa tan nỗi lo của cụ Đặng Tài Điệp để trái tim luôn đập','Cùng chung tay đóng góp để giúp đỡ cho cụ Đặng Tài Điệp, giúp cụ có kinh phí y tế chữa bệnh tim, trang trải tiền thuốc hàng ngày và sinh hoạt phí để cụ có cuộc sống tốt hơn khi ở quán trọ.','<h2>C&acirc;u chuyện</h2>\r\n\r\n<p><em><strong>&ldquo;Hồi trẻ th&igrave; đam m&ecirc; đi kiếm tiền, giờ gi&agrave; rồi c&oacute; kiếm được đ&acirc;u&rdquo; - c&acirc;u n&oacute;i bất lực của cụ Điệp&nbsp;</strong></em></p>\r\n\r\n<p>Nếu mọi người dịp gh&eacute; sang thăm Qu&aacute;n trọ nhỏ với 14 chiếc giường ở khu Bến B&igrave;nh Đ&ocirc;ng, Quận 8, sẽ bắt gặp h&igrave;nh ảnh cụ gi&agrave; tr&ecirc;n g&aacute;c m&aacute;i lu&ocirc;n nh&igrave;n ra hướng cửa. Đ&oacute; l&agrave; cụ Đặng T&agrave;i Điệp sinh 1948.</p>\r\n\r\n<p>Khi c&ograve;n trẻ, cụ lao v&agrave;o kiếm tiền, kh&ocirc;ng phải v&igrave; ham tiền m&agrave; l&agrave; v&igrave; cuộc đời bắt phải như thế. Mất cha khi c&ograve;n nhỏ, mẹ bỏ đi kh&ocirc;ng chăm lo, cụ phải đi từ L&acirc;m Đồng v&agrave;o S&agrave;i G&ograve;n để kiếm sống. Chịu thương chịu kh&oacute;, n&ecirc;n cuộc sống ban đầu cũng dễ d&agrave;ng, cụ c&oacute; c&ocirc;ng việc kế to&aacute;n ổn định l&agrave;m m&agrave; theo cụ l&agrave; đủ sống ở thời đ&oacute;.&nbsp;&nbsp;</p>\r\n\r\n<p>Cụ Điệp chia sẻ: &ldquo;Kh&ocirc;ng chỉ l&agrave;m kế to&aacute;n m&agrave; c&ograve;n phải l&agrave;m cuối tuần nữa, người ta k&ecirc;u th&igrave; l&agrave;m, đ&acirc;u c&oacute; k&eacute;n được!&rdquo; L&agrave;m vất vả l&agrave; thế, miệt m&agrave;i kh&ocirc;ng kể ng&agrave;y th&aacute;ng, nhưng rồi đến l&uacute;c gi&agrave; đi cũng kh&ocirc;ng đủ để trang trải cho cuộc sống về sau. Rồi lại chật vật khi covid đến, kh&ocirc;ng tiền kh&ocirc;ng của, cụ thu&ecirc; được căn nh&agrave; nhỏ, ở được ng&agrave;y n&agrave;o hay ng&agrave;y ấy v&igrave; bị lấy lại do chẳng c&oacute; đồng n&agrave;o để đ&oacute;ng trọ. L&uacute;c đ&oacute;, cụ cũng mất hết c&ocirc;ng việc, bảy mươi t&aacute;m mươi tuổi n&ecirc;n người ta cũng ngại thu&ecirc; cụ l&agrave;m.&nbsp;</p>\r\n\r\n<p>C&ugrave;ng đường, cụ đến với Trăng Khuyết. Được chỗ ăn chỗ ở đ&agrave;ng ho&agrave;ng, kh&ocirc;ng c&ograve;n c&ocirc; đơn một m&igrave;nh, cũng kh&ocirc;ng lo về tiền nong. Cụ biết ơn Trăng Khuyết lắm, nhưng vẫn buồn v&igrave; giờ đ&acirc;y cụ cũng kh&ocirc;ng c&ograve;n l&agrave;m g&igrave;, gi&uacute;p g&igrave; được m&agrave; c&ograve;n mang th&ecirc;m bệnh tim.&nbsp;</p>\r\n\r\n<p><em><strong>Trăng Khuyết k&ecirc;u gọi hỗ trợ kinh ph&iacute; y tế để chữa trị bệnh tim v&agrave; ổn định cuộc sống cho cụ Điệp&nbsp;</strong></em></p>\r\n\r\n<p>&nbsp;Năm nay đ&atilde; ngo&agrave;i 70, sức khỏe cũng dần yếu đi, th&ecirc;m đ&oacute; những h&ocirc;m tr&aacute;i gi&oacute; trở trời th&igrave; tim cụ lại bất ổn. Khi được hỏi đến về sức khỏe, cụ ngập ngừng v&igrave; sợ l&agrave;m phiền đến mọi người, cụ biết ở đ&acirc;y c&oacute; nhiều người cần gi&uacute;p đỡ hơn m&igrave;nh.&nbsp;</p>\r\n\r\n<p>Thấy được t&igrave;nh cảnh của cụ Điệp, Trăng Khuyết quyết định k&ecirc;u gọi c&aacute;c nh&agrave; t&agrave;i trợ, mạnh thường qu&acirc;n, c&aacute;c nh&agrave; hảo t&acirc;m chung tay g&acirc;y quỹ gi&uacute;p cụ c&oacute; th&ecirc;m kinh ph&iacute; chữa bệnh. Ngo&agrave;i ra, số tiền đ&oacute; cũng sẽ gi&uacute;p cụ c&oacute; th&ecirc;m nguồn kinh ph&iacute; chi trả cho những lần mua thuốc.&nbsp;</p>\r\n\r\n<p>Trăng Khuyết k&ecirc;u gọi sự gi&uacute;p đỡ từ những nh&agrave; hảo t&acirc;m v&agrave; c&aacute;c mạnh thường qu&acirc;n với hy vọng g&acirc;y quỹ cộng đồng 20.000.000 đồng th&ocirc;ng qua Tr&aacute;i Tim MoMo. Rất mong nhận được sự ủng hộ của c&aacute;c Mạnh thường qu&acirc;n, c&aacute;c nh&agrave; hảo t&acirc;m trong dự &aacute;n lần n&agrave;y của MoMo v&agrave; Trăng Khuyết để gi&uacute;p đỡ cụ Điệp c&oacute; được một nguồn kinh ph&iacute; chữa trị, cũng như mua thuốc hỗ trợ bệnh tim v&agrave; một phần n&agrave;o đ&oacute; gi&uacute;p cụ c&oacute; tiền cho cuộc sống mỗi ng&agrave;y. D&ugrave; số tiền c&oacute; l&agrave; bao nhi&ecirc;u cũng đều đ&aacute;ng tr&acirc;n qu&yacute;, d&ugrave; đ&oacute;ng g&oacute;p n&agrave;o cũng y&ecirc;u thương c&oacute; thể san sẻ bớt nỗi c&ocirc; đơn, kh&oacute; khăn, nhọc nhằn của những mảnh đời bất hạnh.</p>\r\n','https://static.mservice.io/blogscontents/momo-upload-api-220829140553-637973787531742038.jpg',4500000,'Opening','2022-09-17','2022-10-17',3,2),(28,'Cùng Sika Việt Nam góp Heo Vàng tặng 80 ca phẫu thuật cho các em bé hở môi, hàm ếch','Chung tay góp Heo Vàng gây quỹ phẫu thuật cho 80 em bé hở môi, hàm ếch. Cùng Sika Việt Nam đem lại nụ cười tươi sáng cho thế hệ tương lai của đất nước.','<h2>C&acirc;u chuyện</h2>\r\n\r\n<p><strong>H&agrave;nh tr&igrave;nh 05 &ocirc;ng bố v&agrave; 05 đứa trẻ v&ugrave;ng cao đi t&igrave;m nụ cười</strong></p>\r\n\r\n<p>A Sử, A P&aacute;o, A N&ecirc;nh, A Ph&agrave; v&agrave; A Gang l&agrave; 05 &ocirc;ng bố người d&acirc;n tộc H&#39;m&ocirc;ng ở huyện miền n&uacute;i Bắc Y&ecirc;n, Sơn La, đều c&oacute; con trai bị dị tật khe hở m&ocirc;i từ l&uacute;c mới ch&agrave;o đời. Ri&ecirc;ng con của A Sử - b&eacute; Minh Ch&iacute; v&agrave; con của A Gang &ndash; b&eacute; A Chư c&ograve;n bị cả khe hở v&ograve;m.</p>\r\n\r\n<p><img alt=\"\" src=\"https://static.mservice.io/blogscontents/momo-upload-api-220908152754-637982476740618554.jpg\" style=\"width:100%\" /><em>05 &ocirc;ng bố người d&acirc;n tộc H&#39;m&ocirc;ng ở huyện miền n&uacute;i Bắc Y&ecirc;n, Sơn La quyết định đưa c&aacute;c con của m&igrave;nh xuống H&agrave; Nội để phẫu thuật m&ocirc;i hở, h&agrave;m ếch.</em></p>\r\n\r\n<p>Đầu th&aacute;ng 06, sau khi nhận được sự hướng dẫn của Quỹ Bảo trợ Trẻ em ở địa phương, cả 05 gia đ&igrave;nh quyết định sẽ đưa c&aacute;c em xuống H&agrave; Nội để được phẫu thuật. Tuy nhi&ecirc;n, c&oacute; gia đ&igrave;nh th&igrave; vợ kh&ocirc;ng biết tiếng Kinh, c&oacute; người th&igrave; vợ phải ở nh&agrave; tr&ocirc;ng những đứa con kh&aacute;c, c&oacute; người th&igrave; vợ lo việc ruộng nương, tr&acirc;u b&ograve; n&ecirc;n kh&ocirc;ng thể đi được. Ch&iacute;nh v&igrave; thế, chủ nhật tuần trước, c&aacute;c &ocirc;ng bố tay x&aacute;ch n&aacute;ch mang, một m&igrave;nh dẫn theo con nhỏ, v&agrave; d&ugrave; chưa quen biết từ trước, nhưng cả 05 người đ&atilde; chủ động hẹn nhau c&ugrave;ng bắt một chuyến xe về xu&ocirc;i để tham gia chương tr&igrave;nh Phẫu thuật Nụ cười của Operation Smile. V&agrave; suốt một tuần sau đ&oacute;, 05 &ocirc;ng bố c&ugrave;ng 05 đứa trẻ gắn b&oacute; với nhau như một gia đ&igrave;nh.</p>\r\n\r\n<p><img alt=\"\" src=\"https://static.mservice.io/blogscontents/momo-upload-api-220908152830-637982477101276392.jpg\"style=\"width:100%\" /><em>Trong thời gian đồng h&agrave;nh c&ugrave;ng chương tr&igrave;nh Phẫu thuật Nụ cười của Operation Smile, họ đ&atilde; gắn b&oacute; với nhau như một gia đ&igrave;nh.</em></p>\r\n\r\n<p>Trong nhiều năm l&agrave;m việc với c&aacute;c gia đ&igrave;nh bệnh nh&acirc;n, ch&uacute;ng t&ocirc;i thường thấy c&aacute;c em nhỏ người d&acirc;n tộc thiểu số đến từ c&aacute;c miền cao như T&acirc;y Nguy&ecirc;n, Đ&ocirc;ng Bắc hay T&acirc;y Bắc khi xuống bệnh viện để phẫu thuật đều c&oacute; nhiều người đi c&ugrave;ng như bố mẹ, &ocirc;ng b&agrave; thậm ch&iacute; cả c&ocirc; d&igrave; ch&uacute; b&aacute;c. C&oacute; lẽ khi xa đồi n&uacute;i ruộng nương để xuống phố thị đ&ocirc;ng đ&uacute;c v&agrave; phức tạp, đi c&ugrave;ng nhiều người th&acirc;n như thế, họ sẽ cảm thấy y&ecirc;n t&acirc;m v&agrave; an to&agrave;n hơn. N&ecirc;n lần n&agrave;y, quyết định để người bố một m&igrave;nh đưa con xuống H&agrave; Nội l&agrave; một quyết định v&ocirc; c&ugrave;ng dũng cảm của cả 5 gia đ&igrave;nh.</p>\r\n\r\n<p><img alt=\"\" src=\"https://static.mservice.io/blogscontents/momo-upload-api-220908152907-637982477471228829.jpg\" style=\"width:100%\"/><em>Với sự tận t&acirc;m của c&aacute;c y b&aacute;c sĩ bệnh viện Hữu nghị Việt Nam Cuba, cả 5 em b&eacute; đều được phẫu thuật th&agrave;nh c&ocirc;ng.</em></p>\r\n\r\n<p>Đ&aacute;p lại quyết t&acirc;m đ&oacute;, với sự tận t&acirc;m của c&aacute;c y b&aacute;c sĩ bệnh viện Hữu nghị Việt Nam Cuba, cả 05 em b&eacute; đều được phẫu thuật th&agrave;nh c&ocirc;ng. Sau phẫu thuật, mọi việc chăm s&oacute;c vết mổ, chăm bẵm tắm rửa cho con, c&aacute;c bố đều ho&agrave;n th&agrave;nh xuất sắc. Trong suốt một tuần chăm con dưới H&agrave; Nội, 05 &ocirc;ng bố H&rsquo;mong ph&acirc;n c&ocirc;ng nhau người đi mua cơm, người đi mua bỉm sữa, chia sẻ cho nhau từ bột giặt, kem đ&aacute;nh răng, từ những g&oacute;i khăn giấy đến từng suất cơm b&igrave;nh d&acirc;n nhiều cơm &iacute;t thịt của th&agrave;nh phố. Chỉ sau một tuần, c&aacute;c b&eacute; đều hồi phục rất tốt v&agrave; cả 05 vết mổ đều được giữ kh&ocirc; r&aacute;o v&agrave; sạch sẽ cho tới khi được th&aacute;o chỉ.</p>\r\n\r\n<p><img alt=\"\" src=\"https://static.mservice.io/blogscontents/momo-upload-api-220908152930-637982477706593298.jpg\"style=\"width:100%\" /><em>Kết th&uacute;c một tuần phẫu thuật, giờ đ&acirc;y c&aacute;c 05 em nhỏ m&ocirc;i hở h&agrave;m ếch đ&atilde; c&oacute; được một cuộc sống ho&agrave;n to&agrave;n mới, c&oacute; thể vui ăn uống, vui cười như bao đứa trẻ b&igrave;nh thường kh&aacute;c.</em></p>\r\n\r\n<p>Kết th&uacute;c một tuần phẫu thuật, &ldquo;gia đ&igrave;nh nhỏ&rdquo; 10 th&agrave;nh vi&ecirc;n với 05 &ocirc;ng bố v&agrave; 05 bạn nhỏ đ&atilde; l&ecirc;n xe để trở về với ruộng đồng đồi nương của miền Bắc Y&ecirc;n. Chuyến xe ca từ Mỹ Đ&igrave;nh tới thị trấn Bắc Y&ecirc;n nơi những người mẹ trẻ tr&ocirc;ng ng&oacute;ng đang chờ sẵn. H&igrave;nh dung một cuộc vừa chia tay &ndash; vừa đo&agrave;n tụ, c&oacute; lẽ chưa bao giờ lưu luyến v&agrave; hạnh ph&uacute;c đến thế.</p>\r\n\r\n<p><strong>Mang y&ecirc;u thương chữa l&agrave;nh những đứa trẻ k&eacute;m may mắn</strong></p>\r\n\r\n<p>Hơn 30 năm qua, Operation Smile đ&atilde; điều trị y tế an to&agrave;n cho h&agrave;ng ng&agrave;n đứa trẻ đến từ c&aacute;c v&ugrave;ng cao v&agrave; những v&ugrave;ng s&acirc;u, v&ugrave;ng xa. Những người l&agrave;m chương tr&igrave;nh lu&ocirc;n cố gắng hỗ trợ tốt nhất cho c&aacute;c gia đ&igrave;nh bệnh nh&acirc;n, để họ kh&ocirc;ng c&ograve;n những nỗi lo nơi ăn, chốn ở trong thời gian điều trị cho con. V&agrave; quan trọng nhất l&agrave; mang lại nụ cười trọn vẹn cho c&aacute;c em b&eacute; kh&ocirc;ng may sinh ra mang dị tật h&agrave;m mặt m&agrave; kh&ocirc;ng c&oacute; nhiều điều kiện để được tiếp cận với c&aacute;c dịch vụ y tế an to&agrave;n, miễn ph&iacute;.</p>\r\n\r\n<p>Để tiếp tục h&agrave;nh tr&igrave;nh mới năm 2022 giữa Sika Việt Nam, cộng đồng Heo Đất MoMo v&agrave; tổ chức Phẫu thuật Nụ Cười, chương tr&igrave;nh th&aacute;ng 09 n&agrave;y đặt mục ti&ecirc;u g&acirc;y quỹ cho 80 em b&eacute; được phẫu thuật.</p>\r\n\r\n<p>Ch&uacute;ng t&ocirc;i mong muốn nhận được 4.000.000 Heo V&agrave;ng quy&ecirc;n g&oacute;p từ cộng đồng Heo Đất MoMo, số Heo V&agrave;ng sẽ được nh&agrave; t&agrave;i trợ Sika Việt Nam quy đổi tương đương 80 ca phẫu thuật tại Operation Smile.</p>\r\n\r\n<p>Ch&uacute;ng t&ocirc;i v&ocirc; c&ugrave;ng tr&acirc;n trọng sự đồng h&agrave;nh của cộng đồng Heo Đất v&agrave; nh&agrave; t&agrave;i trợ Sika Việt Nam trong h&agrave;nh tr&igrave;nh chữa l&agrave;nh nụ cười cho c&aacute;c em b&eacute;. Mỗi đ&oacute;ng g&oacute;p, kh&ocirc;ng quan trọng l&agrave; bao nhi&ecirc;u cũng đều đ&aacute;ng qu&yacute;. Cảm ơn c&aacute;c bạn v&agrave; cảm ơn nh&agrave; t&agrave;i trợ đ&atilde; biến những ước mơ thay đổi cuộc đời, mỗi lần một nụ cười trở th&agrave;nh hiện thực.</p>\r\n\r\n<p><em>*Sau khi nhận đủ số Heo V&agrave;ng từ cộng đồng, to&agrave;n bộ số Heo V&agrave;ng sẽ được nh&agrave; t&agrave;i trợ Sika Việt Nam quy đổi tương ứng để tiến h&agrave;nh phẫu thuật cho 80 em b&eacute; mắc dị tật hở m&ocirc;i, h&agrave;m ếch. Th&ocirc;ng tin cập nhật về chương tr&igrave;nh sẽ được gửi đến qu&yacute; vị trong thời gian sớm nhất.</em></p>\r\n','https://static.mservice.io/blogscontents/momo-upload-api-220908153401-637982480415765952.jpg',2500000,'Opening','2022-09-18','2022-10-18',3,3667),(29,'Gây quỹ tặng 40 nụ cười thay đổi cuộc đời cho các em bé hở môi, hàm ếch','Chung tay gây quỹ 40 ca phẫu thuật cho các em bé hở môi, hàm ếch nhân kỷ niệm 40 năm hoạt động của Tổ chức Phẫu thuật Nụ Cười','<h2>C&acirc;u chuyện</h2>\r\n\r\n<p><strong>40 năm h&agrave;nh tr&igrave;nh chữa l&agrave;nh nụ cười trẻ em</strong></p>\r\n\r\n<p>Năm 2022 l&agrave; một năm đặc biệt với tổ chức Phẫu thuật Nụ Cười tr&ecirc;n to&agrave;n cầu, đ&aacute;nh dấu 40 năm hoạt động của tổ chức trong việc chăm s&oacute;c y tế cho c&aacute;c bệnh nh&acirc;n mắc dị tật h&agrave;m mặt, đặc biệt l&agrave; trẻ em hở m&ocirc;i, h&agrave;m ếch.&nbsp;&nbsp;</p>\r\n\r\n<p>Được th&agrave;nh lập v&agrave;o năm 1982, Operation Smile đ&atilde; cung cấp dịch vụ điều trị v&agrave; phẫu thuật miễn ph&iacute; gi&uacute;p thay đổi cuộc sống cho hơn 326.000 bệnh nh&acirc;n tr&ecirc;n khắp thế giới, gi&uacute;p họ c&oacute; thể sinh hoạt v&agrave; tận hưởng cuộc sống khỏe mạnh hơn.&nbsp;</p>\r\n\r\n<p>Nh&acirc;n kỷ niệm 40 năm, tổ chức Operation Smile đưa ra cam kết chăm s&oacute;c y tế cho một triệu trẻ em to&agrave;n cầu trong 10 năm tới. Song song, tổ chức sẽ tiếp tục củng cố hệ thống y tế, cơ sở vật chất để hướng đến n&acirc;ng cao chất lượng chăm s&oacute;c bệnh nh&acirc;n, v&agrave; r&uacute;t ngắn bất b&igrave;nh đẳng trong c&aacute;c hệ thống chăm s&oacute;c sức khỏe. Với cam kết đ&oacute;, tổ chức Operation Smile tại Việt Nam rất mong rằng trong h&agrave;nh tr&igrave;nh sắp tới sẽ lu&ocirc;n nhận được sự ủng hộ v&agrave; đồng h&agrave;nh của cộng đồng để mang lại sự thay đổi cho trẻ em Việt Nam.</p>\r\n\r\n<p><img alt=\"\" src=\"https://static.mservice.io/blogscontents/momo-upload-api-220708111624-637928757842144195.jpg\" style=\"width:100%\"/><em>Hơn 326.000 bệnh nh&acirc;n tr&ecirc;n khắp thế giới đ&atilde; được chữa trị miễn ph&iacute; với Operation Smile, trong đ&oacute; c&oacute; Thanh Ng&acirc;n</em></p>\r\n\r\n<p><img alt=\"\" src=\"https://static.mservice.io/blogscontents/momo-upload-api-220708111647-637928758071369999.jpg\"style=\"width:100%\" /><em>Hơn 63,000 bệnh nh&acirc;n tại Việt Nam đ&atilde; được chữa l&agrave;nh nụ cười trong nhiều năm qua</em></p>\r\n\r\n<p><strong>Chung tay thay đổi nụ cười, thay đổi cuộc sống trẻ em Việt Nam</strong></p>\r\n\r\n<p>Cứ ba ph&uacute;t lại c&oacute; một trẻ em được sinh ra với t&igrave;nh trạng sứt m&ocirc;i. Hầu hết những em nhỏ n&agrave;y kh&ocirc;ng nhận được sự chăm s&oacute;c y tế cần thiết v&igrave; chi ph&iacute; điều trị lớn, kh&ocirc;ng dễ tiếp cận hoặc kh&ocirc;ng c&oacute; c&aacute;c b&aacute;c sĩ chuy&ecirc;n khoa c&oacute; chuy&ecirc;n m&ocirc;n s&acirc;u. Do đ&oacute;, sinh ra với những dị tật hở m&ocirc;i, h&agrave;m ếch c&oacute; thể g&acirc;y tử vong, suy dinh dưỡng, hoặc gặp t&igrave;nh trạng bị tr&ecirc;u chọc v&agrave; bị c&ocirc; lập.</p>\r\n\r\n<p>Trong khi đ&oacute;, nếu nhận được sự hỗ trợ về y tế kịp thời th&igrave; chỉ mất 45 ph&uacute;t l&agrave; cuộc sống của c&aacute;c em sẽ được thay đổi ho&agrave;n to&agrave;n. Để c&oacute; được 45 ph&uacute;t đ&oacute; rất cần sự nỗ lực lớn của to&agrave;n bộ đội ngũ y b&aacute;c sĩ c&ugrave;ng c&aacute;c đơn vị đồng h&agrave;nh, c&aacute;c nh&agrave; hảo t&acirc;m.&nbsp;</p>\r\n\r\n<p>Trong dịp kỷ niệm đặc biệt cho h&agrave;nh tr&igrave;nh bền bỉ 40 năm, Operation Smile k&ecirc;u gọi sự ủng hộ chung tay của cộng đồng Heo Đất để g&acirc;y quỹ gi&uacute;p 40 em b&eacute; hở m&ocirc;i, h&agrave;m ếch nhận phẫu thuật h&agrave;n gắn nụ cười.</p>\r\n\r\n<p><img alt=\"\" src=\"https://static.mservice.io/blogscontents/momo-upload-api-220708111737-637928758577518534.jpg\" style=\"width:100%\"/></p>\r\n\r\n<p><img alt=\"\" src=\"https://static.mservice.io/blogscontents/momo-upload-api-220708111749-637928758692924653.jpg\" style=\"width:100%\"/></p>\r\n\r\n<p><img alt=\"\" src=\"https://static.mservice.io/blogscontents/momo-upload-api-220708111759-637928758794515556.jpg\" style=\"width:100%\"/><em>Vẫn c&ograve;n rất nhiều trẻ em sinh ra mắc c&aacute;c dị tật hở m&ocirc;i h&agrave;m ếch cần được điều trị y tế an to&agrave;n v&agrave; miễn ph&iacute;</em></p>\r\n','https://static.mservice.io/blogscontents/momo-upload-api-220708111534-637928757348786542.jpg',2500000,'Opening','2022-09-18','2022-09-19',3,3666),(30,'Cùng “Thêm 1 bữa no - Thêm 1 nụ cười” Quý 4.2022 góp Heo Vàng quyên tặng 40.000 bữa ăn cho các trẻ mồ côi','Cùng “Thêm 1 bữa no – Thêm 1 nụ cười” đồng hành cùng các bé trong hành trình phát triển thông qua những bữa ăn thật dinh dưỡng.','<h2>C&acirc;u chuyện</h2>\r\n\r\n<p><strong>Khi những bữa ăn ngon l&agrave; ước mơ kh&ocirc;ng dễ d&agrave;ng thực hiện&nbsp;</strong></p>\r\n\r\n<p>Trong những c&acirc;u chuyện cổ t&iacute;ch kể về trẻ mồ c&ocirc;i lu&ocirc;n c&oacute; những c&aacute;i kết c&oacute; hậu. Khi đứa trẻ đ&oacute;i, khổ sẽ c&oacute; những &ocirc;ng bụt, b&agrave; ti&ecirc;n xuất hiện ban nhiều ph&eacute;p m&agrave;u gi&uacute;p c&aacute;c bạn nhỏ no bụng, vượt qua những ch&ocirc;ng gai, thử th&aacute;ch.</p>\r\n\r\n<p><img alt=\"\" src=\"https://static.mservice.io/blogscontents/momo-upload-api-220916141823-637989347035216447.jpg\" style=\"width:100%\"><em>Những em nhỏ bị cha mẹ bỏ rơi, được cưu mang tại c&aacute;c m&aacute;i ấm của Trăng Khuyết.</em></p>\r\n\r\n<p>Nhưng đời thực lại chẳng thể may mắn được như thế. H&agrave;ng ng&agrave;y, vẫn c&oacute; nhiều đứa trẻ bị cha mẹ bỏ rơi. Một số may mắn được t&igrave;m thấy v&agrave; được cưu mang ở m&aacute;i ấm, trung t&acirc;m BTXH, nhưng cũng c&oacute; những cuộc đời kh&ocirc;ng được số mệnh mỉm cười.</p>\r\n\r\n<p><img alt=\"\" src=\"https://static.mservice.io/blogscontents/momo-upload-api-220916141847-637989347270033173.jpg\" style=\"width:100%\"/></p>\r\n\r\n<p><img alt=\"\" src=\"https://static.mservice.io/blogscontents/momo-upload-api-220916141859-637989347390826241.jpg\"style=\"width:100%\" /><em>Đối với c&aacute;c em nhỏ tại Trăng Khuyết bữa ăn c&oacute; ch&uacute;t thịt ch&uacute;t c&aacute; đ&atilde; l&agrave; niềm vui.</em></p>\r\n\r\n<p>Với nhiều người, lu&ocirc;n ao ước được ăn những m&oacute;n xa xỉ, đắt đỏ trong m&ocirc;i trường sang trọng, m&aacute;t mẻ. Song song đ&oacute;, những đứa trẻ mồ c&ocirc;i đang sống tại m&aacute;i ấm th&igrave; bữa cơm chỉ cần c&oacute; ch&uacute;t thịt, c&aacute; cũng chẳng dễ d&agrave;ng g&igrave;. Mỗi m&aacute;i ấm, c&aacute;c b&eacute; được qu&acirc;y quần b&ecirc;n nhau trong kh&ocirc;ng gian chật chội, n&oacute;ng nực, chia nhau từng phần ăn để c&oacute; thể lấp đầy chiếc bụng đ&oacute;i meo.</p>\r\n\r\n<p><img alt=\"\" src=\"https://static.mservice.io/blogscontents/momo-upload-api-220916141927-637989347674267007.jpg\"style=\"width:100%\" /></p>\r\n\r\n<p><img alt=\"\" src=\"https://static.mservice.io/blogscontents/momo-upload-api-220916141938-637989347783266757.jpg\"style=\"width:100%\" /><em>V&igrave; kinh ph&iacute; c&ograve;n hạn hẹp n&ecirc;n Trăng Khuyết chỉ c&oacute; thể cung cấp cho c&aacute;c em những bữa cơm v&agrave; rau.</em></p>\r\n\r\n<p>C&aacute;c em cũng kh&ocirc;ng c&oacute; quyền chọn lựa những m&oacute;n ăn m&igrave;nh y&ecirc;u th&iacute;ch. V&igrave; mọi sự lựa chọn đều phụ thuộc v&agrave;o nguồn thực phẩm m&agrave; c&aacute;c nh&agrave; hảo t&acirc;m đ&oacute;ng g&oacute;p v&agrave; khả năng duy tr&igrave; bữa ăn với kinh ph&iacute; hạn hẹp của m&aacute;i ấm th&igrave; chỉ c&ograve;n c&aacute;ch ăn nhiều th&ecirc;m cơm, nhiều rau. Những khi được m&oacute;n thịt kho trứng, th&igrave; c&aacute;c b&eacute; chần chừ kh&ocirc;ng d&aacute;m ăn v&igrave;&hellip; sợ hết.</p>\r\n\r\n<p><img alt=\"\" src=\"https://static.mservice.io/blogscontents/momo-upload-api-220916141958-637989347985904468.jpg\" style=\"width:100%\"/><em>Mong rằng những bữa ăn của c&aacute;c em nhỏ sẽ được cải thiện hơn, gi&uacute;p c&aacute;c em c&oacute; đủ dinh dưỡng để&nbsp; ph&aacute;t triển về thể chất, sức khỏe, tinh thần.</em></p>\r\n\r\n<p>Dinh dưỡng l&agrave; một trong những yếu tố quan trọng quyết định sự ph&aacute;t triển về thể chất, sức khỏe, tinh thần cho c&aacute;c b&eacute;. C&oacute; ăn no mới c&oacute; năng lượng để học tập, vui chơi, lao động. C&oacute; ăn đầy đủ dinh dưỡng mới tăng cường sức đề kh&aacute;ng, khả năng tiếp thu. Niềm vui nhỏ b&eacute; c&oacute; thể thắp s&aacute;ng t&acirc;m hồn c&aacute;c b&eacute; ch&iacute;nh l&agrave;&nbsp; được ăn những m&oacute;n m&igrave;nh y&ecirc;u th&iacute;ch.&nbsp;</p>\r\n\r\n<p><strong>H&atilde;y trở th&agrave;nh những &ocirc;ng bụt, b&agrave; ti&ecirc;n của c&aacute;c b&eacute; trong đời thực</strong></p>\r\n\r\n<p>Với kh&aacute;t khao những bữa ăn d&agrave;nh cho c&aacute;c b&eacute; n&oacute;i ri&ecirc;ng v&agrave; những mảnh đời sống tại m&aacute;i ấm n&oacute;i chung, chương tr&igrave;nh &ldquo;Th&ecirc;m 1 bữa no &ndash; Th&ecirc;m 1 nụ cười&rdquo; vẫn đều đặn diễn ra h&agrave;ng tuần với những hoạt động nấu ăn k&egrave;m với dọn dẹp, tr&ograve; chuyện, chăm s&oacute;c, vệ sinh cơ thể cho c&aacute;c b&eacute;. Đ&acirc;y cũng l&agrave; dịp để mọi người c&oacute; thể thấu hiểu v&agrave; chia sẻ những kh&oacute; khăn m&agrave; c&aacute;c em đang phải trải qua.</p>\r\n','https://static.mservice.io/blogscontents/momo-upload-api-220916141735-637989346554876875.jpg',2500000,'Opening','2022-09-18','2022-10-19',4,2),(31,'Cùng Ba Đình Cares, Ford Motor Company Fund và Vemba góp Heo Vàng xây dựng điểm trường TH Pa Phang 2, tỉnh Lai Châu','Cùng Ba Đình Cares, Ford Motor Company Fund và Vemba góp Heo vàng xây dựng điểm trường TH Pa Phang 2, tỉnh Lai Châu để các bé có phòng học khang trang, sạch sẽ hơn.','<h2>C&acirc;u chuyện</h2>\r\n\r\n<p><strong>Ước mơ ph&ograve;ng học khang trang của thầy tr&ograve; bản Pa Phang 2</strong></p>\r\n\r\n<p>Điểm trường TH Pa Phang 2 thuộc PTDTBT Tiểu học Ph&igrave;n Hồ, tọa lạc tại x&atilde; Ph&igrave;n Hồ, huyện S&igrave;n Hồ, tỉnh Lai Ch&acirc;u. Đ&acirc;y ch&iacute;nh l&agrave; nơi cư tr&uacute; của 166 hộ d&acirc;n với 882 nh&acirc;n khẩu đều l&agrave; đồng b&agrave;o người M&ocirc;ng. Tr&igrave;nh độ d&acirc;n tr&iacute; của người d&acirc;n vẫn c&ograve;n nhiều hạn chế, nghề nghiệp chủ yếu l&agrave; l&agrave;m nương. Dẫu lu&ocirc;n chịu kh&oacute; l&agrave;m ăn nhưng tỷ lệ hộ ngh&egrave;o vẫn l&ecirc;n tới 55,4% tương đương với 92 hộ; hộ cận ngh&egrave;o l&agrave; 24,7% tương đương với 41 hộ. Tuy kh&oacute; khăn, vất vả l&agrave; thế nhưng con người nơi đ&acirc;y hiền l&agrave;nh, thật th&agrave;, chất ph&aacute;t, chịu kh&oacute; l&agrave;m ăn đặc biệt lu&ocirc;n nu&ocirc;i dưỡng tinh thần hiếu học cho con em ngay từ thuở b&eacute;.&nbsp;&nbsp;</p>\r\n\r\n<p><img alt=\"\" src=\"https://static.mservice.io/blogscontents/momo-upload-api-220914114837-637987529171874245.jpg\" style=\"width:100%\" /></p>\r\n\r\n<p><img alt=\"\" src=\"https://static.mservice.io/blogscontents/momo-upload-api-220914114850-637987529306796611.jpg\" style=\"width:100%\"/></p>\r\n\r\n<p><img alt=\"\" src=\"https://static.mservice.io/blogscontents/momo-upload-api-220914114900-637987529407451039.jpg\" style=\"width:100%\"/><em>Ph&ograve;ng học xuống cấp Điểm trường TH Pa Phang 2 thuộc PTDTBT Tiểu học Ph&igrave;n Hồ.</em></p>\r\n\r\n<p>Điểm trường hiện nay c&oacute; 2 ph&ograve;ng học với 80 HS từ lớp 1, lớp 2 v&agrave; lớp 3 v&agrave; c&oacute; 2 ph&ograve;ng học nh&agrave; x&acirc;y dựng cấp 4 v&agrave; 1 ph&ograve;ng học nh&agrave; tạm l&agrave;m bằng gỗ, do nh&acirc;n d&acirc;n đ&oacute;ng g&oacute;p l&agrave;m từ năm học 2002 - 2003. Ph&ograve;ng học chắp v&aacute; từ gỗ miếng, t&ocirc;n miếng, tr&ecirc;n che bạt, dưới nền đất th&ocirc; sơ v&agrave; thiếu thốn. Điểm trường c&aacute;ch trung t&acirc;m x&atilde; l&ecirc;n tới 27 km n&ecirc;n chặng đường đến với con chữ của c&aacute;c em nhỏ v&ocirc; c&ugrave;ng gian lao, vất vả.</p>\r\n\r\n<p><img alt=\"\" src=\"https://static.mservice.io/blogscontents/momo-upload-api-220914114926-637987529666547949.jpg\" style=\"width:100%\"/><em>Nhỏ hẹp, chật chội, kh&ocirc;ng c&ograve;n đảm bảo ki&ecirc;n cố cho c&aacute;c b&eacute; học tập.&nbsp;</em></p>\r\n\r\n<p>H&igrave;nh ảnh ph&ograve;ng học tạm đơn sơ, xuống cấp, dường như kh&ocirc;ng thể sử dụng khiến đo&agrave;n khảo s&aacute;t Heo Đất thấy x&oacute;t xa v&ocirc; c&ugrave;ng. Tường được l&agrave;m từ 2 lớp, bằng t&ocirc;n b&ecirc;n ngo&agrave;i v&agrave; bằng gỗ gh&eacute;p tạm b&ecirc;n trong. Tất cả đều đ&atilde; rỉ s&eacute;t, mục ruỗng v&agrave; nứt nẻ. M&ugrave;a đ&ocirc;ng th&igrave; gi&oacute; lạnh l&ugrave;a v&agrave;o lạnh ảnh hưởng rất lớn đến việc hoạt động dạy v&agrave; học v&agrave; nghỉ ăn bữa trưa của học sinh...&nbsp; Đặc biệt khi trời mưa b&atilde;o lớn, dường như gi&oacute; c&oacute; thể cuốn phăng cả ph&ograve;ng học. Nền l&agrave; đất n&ecirc;n mỗi khi tới m&ugrave;a mưa, kh&ocirc;ng chỉ bẩn m&agrave; c&ograve;n trơn trượt, kh&ocirc;ng đảm bảo an to&agrave;n.</p>\r\n\r\n<p><img alt=\"\" src=\"https://static.mservice.io/blogscontents/momo-upload-api-220914114953-637987529936689446.jpg\"style=\"width:100%\" /><em>M&ugrave;a đ&ocirc;ng th&igrave; gi&oacute; lạnh l&ugrave;a v&agrave;o ảnh hưởng rất lớn đến việc hoạt động dạy v&agrave; học v&agrave; nghỉ ăn bữa trưa của học sinh...&nbsp;</em></p>\r\n\r\n<p>Hơn thế nữa, d&ugrave; đ&atilde; c&oacute; điện lưới nhưng cơ sở vật chất sập xệ kh&ocirc;ng thể chăng d&acirc;y, c&aacute;c em vẫn phải sử dụng &aacute;nh nắng mặt trời để học tập, l&uacute;c mờ l&uacute;c ảo, kh&ocirc;ng đạt ti&ecirc;u chuẩn trường lớp. B&ecirc;n trong ph&ograve;ng học gần như mọi đồ đạc, cơ sở vật chất phục vụ giảng dạy đều được sử dụng trong khoảng thời gian d&agrave;i n&ecirc;n mang vẻ ngo&agrave;i cũ kỹ. B&agrave;n học nhuốm m&agrave;u thời gian, c&aacute;c đinh v&iacute;t đang dần bung ra, thầy tr&ograve; phải k&ecirc; gạch b&ecirc;n dưới để cố gắng khắc phục.</p>\r\n\r\n<p><img alt=\"\" src=\"https://static.mservice.io/blogscontents/momo-upload-api-220914115018-637987530184989357.jpg\" style=\"width:100%\"/><em>B&agrave;n học nhuốm m&agrave;u thời gian, c&aacute;c đinh v&iacute;t đang dần bung ra, thầy tr&ograve; phải k&ecirc; gạch b&ecirc;n dưới để cố gắng khắc phục.</em></p>\r\n\r\n<p><strong>Chung tay g&oacute;p Heo V&agrave;ng x&acirc;y th&ecirc;m ph&ograve;ng học mới cho c&aacute;c em nhỏ điểm trường Pa Phang 2</strong></p>\r\n\r\n<p>Thấu hiểu ho&agrave;n cảnh của c&aacute;c em nhỏ bản Pa Phang, x&atilde; Ph&igrave;n Hồ cũng như giấc mơ học tập của c&aacute;c em, Heo Đất MoMo hợp t&aacute;c c&ugrave;ng Dự &aacute;n Sức mạnh 2000, Ba Đ&igrave;nh Cares, Ford Motor Company Fund v&agrave; Vemba l&ecirc;n kế hoạch x&acirc;y dựng trường học mới khang trang để gi&uacute;p c&aacute;c em nhỏ c&oacute; m&ocirc;i trường học tập tốt hơn.&nbsp;</p>\r\n\r\n<p>Để l&agrave;m được điều n&agrave;y, Heo Đất MoMo đặt mục ti&ecirc;u 2.300.000 Heo V&agrave;ng quy&ecirc;n g&oacute;p từ cộng đồng người d&ugrave;ng Heo Đất MoMo. Số Heo V&agrave;ng n&agrave;y sẽ được nh&agrave; t&agrave;i trợ Ba Đ&igrave;nh Cares, Ford Motor Company Fund v&agrave; Vemba quy đổi th&agrave;nh 230.000.000 đồng tiền mặt chi trả mọi chi ph&iacute; x&acirc;y dựng trường.</p>\r\n\r\n<p>Mọi Heo V&agrave;ng của c&aacute;c bạn đều g&oacute;p phần gi&uacute;p c&aacute;c em nhỏ điểm trường Pa Phang 2 đến gần hơn với ước mơ trường mới. H&atilde;y chung tay c&ugrave;ng Heo Đất MoMo quy&ecirc;n g&oacute;p đủ Heo V&agrave;ng gi&uacute;p c&aacute;c em y&ecirc;n t&acirc;m học h&agrave;nh ngay!</p>\r\n','https://static.mservice.io/blogscontents/momo-upload-api-220914114730-637987528507400086.jpg',2200000,'Opening','2022-09-18','2022-09-18',4,3),(32,'Cùng Ba Đình Cares và Vemba góp Heo Vàng xây dựng điểm trường Khu Ý Lường, tỉnh Sơn La','Cùng Vemba và Ba Đình Cares góp Heo vàng xây dựng điểm trường Khu Ý Lường, tỉnh Sơn La để các bé có phòng học kiên cố, an toàn.','<h2>C&acirc;u chuyện</h2>\r\n\r\n<p><strong>Gian lao chặng đường đi t&igrave;m con chữ</strong></p>\r\n\r\n<p>Tọa lạc tại bản &Yacute; Lường, x&atilde; Chiềng Lương, huyện Mai Sơn, tỉnh Sơn La, c&aacute;ch trung t&acirc;m huyện 2km l&agrave; điểm trường Khu &Yacute; Lường thuộc Trường TH Chiềng Lương. Nơi đ&acirc;y l&agrave; một x&atilde; miền n&uacute;i, nhiều năm liền l&agrave; x&atilde; đặc biệt kh&oacute; khăn. Đời sống nh&acirc;n d&acirc;n c&ograve;n gặp nhiều vất vả, cơ sở hạ tầng chưa đồng bộ, tr&igrave;nh độ d&acirc;n tr&iacute; thấp, kh&ocirc;ng đồng đều, kinh tế chậm ph&aacute;t triển. To&agrave;n địa b&agrave;n c&oacute; 172 hộ với 856 nh&acirc;n khẩu đều l&agrave; d&acirc;n tộc Th&aacute;i. Tuy đời sống bấp b&ecirc;nh l&agrave; thế nhưng con người nơi đ&acirc;y hiền l&agrave;nh, thật th&agrave;, chất ph&aacute;t, chịu kh&oacute; l&agrave;m ăn đặc biệt lu&ocirc;n nu&ocirc;i dưỡng tinh thần hiếu học cho con em ngay từ thuở b&eacute;.&nbsp;</p>\r\n\r\n<p><img alt=\"\" src=\"https://static.mservice.io/blogscontents/momo-upload-api-220916142835-637989353159565875.jpg\" style=\"width:100%\" /></p>\r\n\r\n<p><img alt=\"\" src=\"https://static.mservice.io/blogscontents/momo-upload-api-220916142848-637989353284406448.jpg\"style=\"width:100%\" /><em>Điểm trường Khu &Yacute; Lường được x&acirc;y dựng từ những mảnh gỗ gh&eacute;p tạm.</em></p>\r\n\r\n<p>Điểm trường Khu &Yacute; Lường hiện nay c&oacute; 97 học sinh với 05 ph&ograve;ng học hiện đ&atilde; xuống cấp trầm trọng. Được nh&acirc;n d&acirc;n bản v&agrave; gi&aacute;o vi&ecirc;n g&oacute;p c&ocirc;ng x&acirc;y dựng đ&atilde; nhiều năm nay, c&aacute;c miếng gỗ bao quanh lớp đ&atilde; mối mọt, hở toang to&aacute;c, kh&ocirc;ng c&ograve;n khả năng che mưa, che nắng. Nền l&agrave; đất n&ecirc;n mỗi khi tới m&ugrave;a mưa, kh&ocirc;ng chỉ bẩn m&agrave; c&ograve;n trơn trượt, kh&ocirc;ng đảm bảo an to&agrave;n cho c&aacute;c em học tập.&nbsp;</p>\r\n\r\n<p><img alt=\"\" src=\"https://static.mservice.io/blogscontents/momo-upload-api-220916142912-637989353522709380.jpg\" style=\"width:100%\"/><em>C&aacute;c thanh gỗ trụ đ&atilde; c&oacute; dấu hiệu nứt nẻ, kh&ocirc;ng biết c&oacute; thể trụ vững đến bao giờ.</em></p>\r\n\r\n<p>Kh&ocirc;ng chỉ vậy, điểm trường đ&atilde; hỏng h&oacute;c nhiều hạng mục như: cửa ch&iacute;nh, cửa sổ, v&aacute;ch, hệ thống đường điện, tường; s&acirc;n bao quanh lớp học đ&atilde; bị nứt, sụt l&uacute;n, ảnh hưởng đến việc học tập v&agrave; an to&agrave;n của c&aacute;c ch&aacute;u học sinh. Phần m&aacute;i được l&agrave;m bằng t&ocirc;n n&oacute;ng bức v&agrave;o m&ugrave;a h&egrave;, ồn &atilde; v&agrave;o m&ugrave;a đ&ocirc;ng. Lớp đ&ocirc;ng, ph&ograve;ng chật, t&ocirc;n hầm hậm thiếu kh&ocirc;ng kh&iacute;, sĩ số tăng dần qua c&aacute;c năm g&acirc;y kh&ocirc;ng &iacute;t kh&oacute; khăn cho việc dạy v&agrave; học của thầy tr&ograve;. Cứ mỗi m&ugrave;a mưa đến, lớp bị hắt ho&agrave;n to&agrave;n kh&ocirc;ng thể che chắn được bất cứ thứ g&igrave;.</p>\r\n\r\n<p><img alt=\"\" src=\"https://static.mservice.io/blogscontents/momo-upload-api-220916142935-637989353751394656.jpg\" style=\"width:100%\"/><em>Nền đất trơn trượt, v&agrave;o m&ugrave;a mưa kh&oacute; khăn cho việc đi lại, sinh hoạt của c&aacute;c em nhỏ.</em></p>\r\n\r\n<p>Rất nhiều những gian lao, vất vả đ&atilde; chia cắt thầy tr&ograve; kh&ocirc;ng thể về chung một điểm. Tuy vậy, tiếng cười n&oacute;i v&agrave; tiếng đọc b&agrave;i gi&ograve;n tan như t&ocirc; l&ecirc;n điểm s&aacute;ng của cả một miền n&uacute;i kh&oacute; khăn.Thầy v&agrave; tr&ograve; vẫn sẽ lu&ocirc;n c&ugrave;ng nhau chiến đấu c&ugrave;ng kh&aacute;t vọng đổi đời kh&ocirc;ng bao giờ tắt.</p>\r\n\r\n<p><img alt=\"\" src=\"https://static.mservice.io/blogscontents/momo-upload-api-220916143004-637989354049954947.jpg\" style=\"width:100%\"/><em>D&ugrave; điều kiện thiếu thốn, kh&ocirc;ng đủ &aacute;nh s&aacute;ng nhưng c&aacute;c em vẫn chăm chỉ học tập.</em></p>\r\n\r\n<p><strong>Chung tay g&oacute;p Heo V&agrave;ng x&acirc;y th&ecirc;m ph&ograve;ng học mới cho c&aacute;c em nhỏ điểm trường bản Khu &Yacute; Lường</strong></p>\r\n\r\n<p>Thấu hiểu ho&agrave;n cảnh của c&aacute;c em nhỏ bản Khu &Yacute; Lường, x&atilde; Chiềng Lương cũng như giấc mơ học tập của c&aacute;c em, Heo Đất MoMo hợp t&aacute;c c&ugrave;ng Dự &aacute;n Sức mạnh 2000, Vemba v&agrave; Ba Đ&igrave;nh Cares l&ecirc;n kế hoạch x&acirc;y dựng trường học mới khang trang để gi&uacute;p c&aacute;c em nhỏ c&oacute; m&ocirc;i trường học tập tốt hơn.&nbsp;</p>\r\n','https://static.mservice.io/blogscontents/momo-upload-api-220916142750-637989352707662422.jpg',2500000,'Opening','2022-09-18','2022-10-18',5,3),(33,'Cùng chung tay quyên góp xây mới phòng học ở trường TH và THCS Chiềng Lương - tỉnh Sơn La','Chung tay ủng hộ tiền, xây mới phòng học trường TH và THCS Chiềng Lương - tỉnh Sơn La để các bé có phòng học kiên cố, an toàn và tràn ngập ánh sáng.','<h2>C&acirc;u chuyện</h2>\r\n\r\n<p><strong>Từ ước mơ lớp học mới của c&aacute;c em học sinh x&atilde; Chiềng Lương</strong></p>\r\n\r\n<p>Trường TH v&agrave; THCS Chiềng Lương được đặt tr&ecirc;n địa b&agrave;n x&atilde; Chiềng Lương - huyện Mai Sơn - tỉnh Sơn La, c&aacute;ch trung t&acirc;m huyện lỵ đến 21 c&acirc;y số. Đ&acirc;y l&agrave; x&atilde; thuộc khu vực III kh&oacute; khăn với 19 bản v&agrave; 5 d&acirc;n tộc: Th&aacute;i, M&ocirc;ng, Khơ M&uacute;, Sinh Mun v&agrave; Kinh c&ugrave;ng sinh sống.&nbsp;</p>\r\n\r\n<p><img alt=\"\" src=\"https://static.mservice.io/blogscontents/momo-upload-api-220906145235-637980727550727698.jpg\" style=\"width:100%\"/></p>\r\n\r\n<p><img alt=\"\" src=\"https://static.mservice.io/blogscontents/momo-upload-api-220906145248-637980727683952288.jpg\"style=\"width:100%\" /><em>H&igrave;nh ảnh từ 1 lớp học của Điểm trường x&atilde; Chiềng Lương.&nbsp;</em></p>\r\n\r\n<p>Trong năm học 2021 &ndash; 2022, nh&agrave; trường c&oacute; 36 lớp với 1.092 học sinh. Trong đ&oacute;, c&oacute; 09 ph&ograve;ng b&aacute;n ki&ecirc;n cố v&agrave; 02 ph&ograve;ng học tạm do d&acirc;n bản chung tay đ&oacute;ng g&oacute;p x&acirc;y dựng. Trải qua hơn 17 năm tuổi, t&igrave;nh trạng c&aacute;c ph&ograve;ng học ấy đều đang xuống cấp trầm trọng. M&aacute;i thấm dột, tường sập đổ, nhiều vị tr&iacute; phải tận dụng c&aacute;c loại vật liệu kh&aacute;c để che chắn tạm thời. C&aacute;c v&aacute;n gỗ l&agrave;m v&aacute;ch theo thời gian đ&atilde; trở n&ecirc;n mục n&aacute;t, tạo n&ecirc;n nhiều kẽ hở lớn, kh&ocirc;ng c&ograve;n đủ sức che chắn cho c&aacute;c em. Cột gỗ chống nh&agrave; th&igrave; li&ecirc;u xi&ecirc;u, kh&ocirc;ng đảm bảo an to&agrave;n cho thầy tr&ograve; x&atilde; Chiềng Lương học tập.&nbsp;</p>\r\n\r\n<p><img alt=\"\" src=\"https://static.mservice.io/blogscontents/momo-upload-api-220906145319-637980727998525683.jpg\" style=\"width:100%\"/></p>\r\n\r\n<p><img alt=\"\" src=\"https://static.mservice.io/blogscontents/momo-upload-api-220906145333-637980728133566877.jpg\" style=\"width:100%\"/><em>C&aacute;c ph&ograve;ng học tối tăm, đổ n&aacute;t v&agrave; v&ocirc; c&ugrave;ng sơ s&agrave;i.&nbsp;</em></p>\r\n\r\n<p>Khu k&yacute; t&uacute;c x&aacute; của c&aacute;c em cũng v&ocirc; c&ugrave;ng sơ s&agrave;i. Khu k&yacute; t&uacute;c được x&acirc;y trong khu nh&agrave; đ&atilde; cũ, tường ẩm mốc, tối tăm v&agrave; b&iacute; b&aacute;ch. Cơ sở vật chất cũng thiếu thốn v&ocirc; c&ugrave;ng. Trường kh&ocirc;ng c&oacute; g&igrave; nhiều ngo&agrave;i v&agrave;i chiếc giường tầng v&agrave; một v&agrave;i vật dụng cơ bản để trẻ c&oacute; thể sinh hoạt.&nbsp;</p>\r\n\r\n<p><img alt=\"\" src=\"https://static.mservice.io/blogscontents/momo-upload-api-220906145400-637980728404597443.jpg\" style=\"width:100%\"/><em>C&aacute;c v&aacute;n gỗ nứt vỡ v&agrave; bung ra, kh&ocirc;ng đủ an to&agrave;n cho c&aacute;c em học tập.&nbsp;</em></p>\r\n\r\n<p>Trong tương lai gần, trẻ nhỏ x&atilde; Chiềng Lương đến tuổi đi học sẽ tăng l&ecirc;n, điều kiện học tập sinh hoạt của c&aacute;c em cũng theo đ&oacute; m&agrave; ng&agrave;y c&agrave;ng kh&oacute; khăn chồng chất. Niềm y&ecirc;u th&iacute;ch học tập, ước mơ được học tập trong những lớp học ki&ecirc;n cố, sạch sẽ v&agrave; tr&agrave;n ngập &aacute;nh s&aacute;ng như c&aacute;c bạn đồng trang lứa, giờ đ&acirc;y cũng thật xa vời.&nbsp;</p>\r\n\r\n<p><strong>Đến nỗ lực chung tay g&oacute;p sức, hiện thực h&oacute;a những lớp học mới cho học sinh x&atilde; Chiềng Lương</strong></p>\r\n\r\n<p>Thấu hiểu ho&agrave;n cảnh của c&aacute;c em nhỏ x&atilde; Chiềng Lương, cũng như giấc mơ học tập của c&aacute;c em, V&iacute; MoMo hợp t&aacute;c c&ugrave;ng Trung t&acirc;m T&igrave;nh nguyện Quốc Gia, Dự &aacute;n Sức mạnh 2000 v&agrave; dự &aacute;n Nu&ocirc;i em l&ecirc;n kế hoạch x&acirc;y dựng 02 ph&ograve;ng học để khắc phục điều kiện học tập cho trẻ nhỏ.&nbsp;</p>\r\n\r\n<p>Tổng chi ph&iacute; của dự &aacute;n l&agrave; 350 triệu VND. Trong chiến dịch lần n&agrave;y, ch&uacute;ng t&ocirc;i chia th&agrave;nh 2 đợt g&acirc;y quỹ. Hiện nay, Anh Chị nu&ocirc;i Dự &aacute;n Nu&ocirc;i Em sẽ quy đổi số tiền tương ứng 150.000.000 đồng cho dự &aacute;n đ&atilde; diễn ra tr&ecirc;n Heo Đất MoMo. Ch&uacute;ng t&ocirc;i mong muốn c&oacute; thể g&acirc;y quỹ th&ecirc;m 200.000.000 đồng tr&ecirc;n Tr&aacute;i Tim MoMo để ph&ograve;ng học mới sớm được khởi c&ocirc;ng x&acirc;y dựng.&nbsp;</p>\r\n\r\n<p>Mọi sự đ&oacute;ng g&oacute;p của c&aacute;c bạn đều g&oacute;p phần kh&ocirc;ng nhỏ x&acirc;y n&ecirc;n ước mơ ph&ograve;ng học khang trang, an to&agrave;n cho c&aacute;c b&eacute; x&atilde; Chiềng Lương - huyện Mai Sơn - tỉnh Sơn La. H&atilde;y c&ugrave;ng ch&uacute;ng t&ocirc;i chung tay g&oacute;p sức cổ vũ c&aacute;c em học tập!&nbsp;</p>\r\n','https://static.mservice.io/blogscontents/momo-upload-api-220906145131-637980726917344774.jpg',2500000,'Finish','2022-09-18','2022-10-18',5,3),(34,'Cùng chung tay quyên góp xây dựng thêm phòng học điểm trường bản Lẩy, tỉnh Sơn La','Cùng chung tay quyên góp xây dựng thêm phòng học điểm trường bản Lẩy, tỉnh Sơn La để các bé không phải học trong nhà tôn oi nóng, bí bách.','<h2>C&acirc;u chuyện</h2>\r\n\r\n<p><strong>X&oacute;t xa trước ho&agrave;n cảnh của c&aacute;c em nhỏ điểm trường bản Lẩy, tỉnh Sơn La</strong></p>\r\n\r\n<p>Sơn La l&agrave; một tỉnh nằm ở v&ugrave;ng T&acirc;y Bắc Bộ của Việt Nam. Vốn l&agrave; v&ugrave;ng n&uacute;i, n&ecirc;n c&ograve;n gặp nhiều kh&oacute; khăn trong việc chăm lo, cải thiện đời sống cho người d&acirc;n ở đ&acirc;y. Việc dạy v&agrave; học ở một số x&atilde;, huyện c&ograve;n thiếu thốn, chưa được quan t&acirc;m, đầu tư nhiều.&nbsp;</p>\r\n\r\n<p>Tại x&atilde; Bon Phặng thuộc huyện Thuận Ch&acirc;u, hiện nay c&oacute; 03 trường học đ&oacute;ng tr&ecirc;n địa b&agrave;n. Trong đ&oacute; điểm trường bản Lẩy thuộc trường TH- THCS Bon Phặng l&agrave; nơi m&agrave; c&aacute;c em nhỏ của cả 2 bản Chăn v&agrave; bản Lẩy c&ugrave;ng tham gia học tập. Bản Lẩy c&oacute; 231 hộ d&acirc;n với 1.228 nh&acirc;n khẩu; bản Chăn c&oacute; 48 hộ với 263 nh&acirc;n khẩu. So với mặt bằng chung của cả nước, tr&igrave;nh độ d&acirc;n tr&iacute; d&acirc;n bản ở đ&acirc;y c&ograve;n chưa được n&acirc;ng cao. Miếng cơm manh &aacute;o của họ đa phần dựa v&agrave;o c&ocirc;ng việc trồng trọt nương rẫy hằng ng&agrave;y. C&oacute; lẽ v&igrave; cuộc sống c&ograve;n mu&ocirc;n phần kh&oacute; khăn như vậy, n&ecirc;n người d&acirc;n kh&ocirc;ng ch&uacute; trọng nhiều v&agrave;o việc học của c&aacute;c em nhỏ trong bản.&nbsp;</p>\r\n\r\n<p><img alt=\"\" src=\"https://static.mservice.io/blogscontents/momo-upload-api-220829132750-637973764702481690.jpg\" /><em>C&aacute;c em nhỏ thuộc điểm trường Bản Lẩy</em></p>\r\n\r\n<p>Điểm trường bản Lẩy c&aacute;ch trung t&acirc;m 7km. Hiện tại điểm trường c&oacute; 148 học sinh, bao gồm 5 lớp, trong đ&oacute; c&oacute; 2 lớp đang phải học ph&ograve;ng học tạm bằng t&ocirc;n do phụ huynh x&acirc;y dựng nhiều năm trước. D&ugrave; đ&atilde; tồn tại hơn 20 năm nhưng nh&agrave; trường vẫn chưa đảm bảo được điều kiện ph&ograve;ng học cho c&aacute;c em nhỏ.&nbsp;</p>\r\n\r\n<p><img alt=\"\" src=\"https://static.mservice.io/blogscontents/momo-upload-api-220829132856-637973765361404239.jpg\" /></p>\r\n\r\n<p><img alt=\"\" src=\"https://static.mservice.io/blogscontents/momo-upload-api-220829132920-637973765604795110.jpg\" /><em>H&igrave;nh ảnh lớp học bằng t&ocirc;n oi bức- nơi m&agrave; c&aacute;c em nhỏ điểm trường bản Lẩy đang theo học.</em></p>\r\n\r\n<p>T&iacute;nh đến thời điểm hiện tại, số học sinh tr&ecirc;n lớp th&igrave; đ&ocirc;ng, diện t&iacute;ch ph&ograve;ng học nhỏ kh&ocirc;ng đảm bảo kh&ocirc;ng gian học tập tốt nhất cho c&aacute;c b&eacute;. Ngo&agrave;i ra, ph&ograve;ng học dựng bằng t&ocirc;n qu&aacute; tạm bợ, chất chứa nhiều nguy hiểm, nhất l&agrave; v&agrave;o m&ugrave;a mưa, gi&oacute; lớn. M&ugrave;a h&egrave; b&iacute; b&aacute;ch, oi n&oacute;ng; m&ugrave;a đ&ocirc;ng lại lạnh gi&aacute; ảnh hưởng kh&ocirc;ng &iacute;t đến việc dạy v&agrave; học ở trường bản.&nbsp;</p>\r\n\r\n<p><img alt=\"\" src=\"https://static.mservice.io/blogscontents/momo-upload-api-220829132958-637973765989945334.jpg\" /><br />\r\n<br />\r\n<img alt=\"\" src=\"https://static.mservice.io/blogscontents/momo-upload-api-220829133015-637973766150011703.jpg\" /><em>C&aacute;c em nhỏ phải ngồi học trong lớp học được dựng bằng t&ocirc;n b&iacute; b&aacute;ch v&agrave; tạm bợ.</em></p>\r\n\r\n<p>Hiện nay chưa c&oacute; nh&agrave; t&agrave;i trợ n&agrave;o khảo s&aacute;t để hỗ trợ x&acirc;y dựng n&ecirc;n c&aacute;c em vẫn phải học trong điều kiện lớp học kh&ocirc;ng được đảm bảo. Con đường tiếp cận tri thức của c&aacute;c em đ&atilde; gian nan nay lại chồng chất những kh&oacute; khăn.</p>\r\n\r\n<p><img alt=\"\" src=\"https://static.mservice.io/blogscontents/momo-upload-api-220829133055-637973766559587087.jpg\" /><em>V&aacute;ch t&ocirc;n lớp học điểm trường bản Lẩy.</em></p>\r\n\r\n<p>Dẫu biết con đường học tập chưa bao giờ l&agrave; dễ d&agrave;ng, nhưng ho&agrave;n cảnh học của c&aacute;c em nhỏ điểm trường bản Lẩy c&agrave;ng kh&oacute; khăn hơn rất nhiều lần.&nbsp;</p>\r\n\r\n<p><strong>Chung tay mang lại lớp học mới đảm bảo hơn cho c&aacute;c em nhỏ điểm trường bản Lẩy, tỉnh Sơn La</strong></p>\r\n\r\n<p>Thấu hiểu được nỗi khổ của thầy tr&ograve; trường bản Lẩy v&agrave; mong muốn đem lại điều kiện học tập tốt hơn, Tr&aacute;i Tim MoMo đ&atilde; phối hợp c&ugrave;ng Trung t&acirc;m T&igrave;nh nguyện Quốc gia, Dự &aacute;n Sức mạnh 2000 - &Aacute;nh S&aacute;ng N&uacute;i Rừng v&agrave; Dự &aacute;n Nu&ocirc;i Em l&ecirc;n kế hoạch x&acirc;y dựng 02 ph&ograve;ng học để c&aacute;c em học sinh kh&ocirc;ng những c&oacute; th&ecirc;m chỗ học m&agrave; c&ograve;n được học tập trong một m&ocirc;i trường tốt hơn.</p>\r\n','https://static.mservice.io/blogscontents/momo-upload-api-220829132656-637973764165441702.jpg',2200000,'Opening','2022-09-18','2022-10-18',5,3),(35,'Cùng Anh Chị Nuôi Dự án Nuôi em góp Heo vàng xây dựng cầu dân sinh bản Nậm Khăn, tỉnh Điện Biên','Cùng Anh Chị Nuôi Dự án Nuôi em góp Heo vàng xây dựng cầu dân sinh kiên cố vào bản Nậm Khăn để trẻ em vững bước tới trường, người lớn an tâm đi làm.','<h2>C&acirc;u chuyện</h2>\r\n\r\n<p><strong>Ước mơ c&oacute; c&acirc;y cầu khang trang của 97 hộ d&acirc;n bản Nậm Khăn</strong></p>\r\n\r\n<p>Bản Nậm Khăn, x&atilde; Nậm Khăn, huyện Nậm Pồ, tỉnh Điện Bi&ecirc;n l&agrave; địa b&agrave;n sinh sống của 97 hộ d&acirc;n v&agrave; 200 em nhỏ. Điều kiện kinh tế tại đ&acirc;y v&ocirc; c&ugrave;ng kh&oacute; khăn, d&acirc;n tr&iacute; c&ograve;n thấp. Nghề nghiệp chủ yếu l&agrave; l&agrave;m nương rẫy n&ecirc;n vẫn chỉ đủ vun b&eacute;n bữa cơm, manh &aacute;o. Ng&agrave;y trước, người d&acirc;n muốn sang b&ecirc;n kia để giao thương, l&agrave;m ăn đều phải vất vả lội suối. Sau đ&oacute;, do đi lại kh&oacute; khăn n&ecirc;n họ c&ugrave;ng nhau gom g&oacute;p dựng tạm v&agrave;i tấm gỗ để phục vụ đi lại. Tuy nhi&ecirc;n cầu chỉ l&agrave; tạm bợ, ọp ẹp, hằng năm đều phải tu sửa, kh&ocirc;ng đảm bảo an to&agrave;n.</p>\r\n\r\n<p><img alt=\"\" src=\"https://static.mservice.io/blogscontents/momo-upload-api-220818120538-637964211384199815.jpg\" style=\"width:100%\" /><em>Cận cảnh cầu Nậm Khăn được người d&acirc;n x&acirc;y dựng</em></p>\r\n\r\n<p>Đ&acirc;y l&agrave; đoạn đường huyết mạch kết nối người d&acirc;n bản với cuộc sống b&ecirc;n ngo&agrave;i n&ecirc;n v&ocirc; c&ugrave;ng quan trọng. Hiện nay, mảnh gỗ dựng tạm của người d&acirc;n đ&atilde; bắt đầu xuống cấp, mối mọt, kh&ocirc;ng đảm bảo an to&agrave;n. Những cọc gỗ bắt đầu lung lay, kh&ocirc;ng chịu được sức nặng v&agrave; nhu cầu của người qua lại, c&oacute; thể đổ sập g&acirc;y tai nạn bất cứ l&uacute;c n&agrave;o. Hơn thế nữa, cầu được x&acirc;y dựng rất thấp, gần s&aacute;t với d&ograve;ng suối b&ecirc;n dưới. Cứ mỗi m&ugrave;a mưa lũ, nước d&acirc;ng cao chảy siết, người d&acirc;n mất c&acirc;y cầu đi lại, học sinh kh&ocirc;ng thể đến trường mọi hoạt động sinh hoạt đều bị đ&igrave;nh trệ.&nbsp;</p>\r\n\r\n<p><img alt=\"\" src=\"https://static.mservice.io/blogscontents/momo-upload-api-220818120618-637964211787424206.jpg\" style=\"width:100%\" /><em>Cầu được x&acirc;y dựng rất thấp, gần s&aacute;t với d&ograve;ng suối b&ecirc;n dưới, mỗi m&ugrave;a mưa lũ người d&acirc;n kh&ocirc;ng thể đi lại.</em></p>\r\n\r\n<p>Đối mặt với t&igrave;nh trạng n&agrave;y, kh&ocirc;ng chỉ hoạt động sinh hoạt v&agrave; lao động của người lớn bị cản trở, m&agrave; cả đường đến trường của 200 trẻ nhỏ cũng bị ảnh hưởng. C&aacute;c em đều phải đi v&ograve;ng rất xa để đến trường, chặng đường tới con chữ lại th&ecirc;m nhiều gian lao. C&oacute; thể n&oacute;i, c&oacute; được c&acirc;y cầu b&ecirc;-t&ocirc;ng ki&ecirc;n cố ch&iacute;nh l&agrave; ước mơ chung của mọi người d&acirc;n bản Nậm Khăn, tỉnh Điện Bi&ecirc;n.&nbsp;</p>\r\n\r\n<p><img alt=\"\" src=\"https://static.mservice.io/blogscontents/momo-upload-api-220818120632-637964211922892798.jpg\" style=\"width:100%\" /><em>X&acirc;y dựng đ&atilde; được nhiều năm n&ecirc;n c&acirc;y cầu lung lay, ọp ẹp kh&ocirc;ng thể trụ vững với nhu cầu đi lại của người d&acirc;n bản</em></p>\r\n\r\n<p><strong>Chung tay g&oacute;p Heo V&agrave;ng x&acirc;y cầu mới khang trang tặng b&agrave; con bản Nậm Khăn, tỉnh Điện Bi&ecirc;n</strong></p>\r\n\r\n<p>Hiểu được t&acirc;m tư, nguyện vọng của người d&acirc;n v&agrave; địa phương, Heo Đất MoMo phối hợp c&ugrave;ng Anh chị nu&ocirc;i Dự &aacute;n &ldquo;Nu&ocirc;i em&rdquo;, Dự &aacute;n &ldquo;Sức Mạnh 2000&rdquo; v&agrave; Trung t&acirc;m T&igrave;nh nguyện Quốc gia l&ecirc;n kế hoạch x&acirc;y dựng một c&acirc;y cầu mới, khang trang cho bản.</p>\r\n\r\n<p>Để c&oacute; thể x&acirc;y dựng c&acirc;y cầu chắc chắn, an to&agrave;n, ước t&iacute;nh tổng chi ph&iacute; l&agrave; 280,000,000 VNĐ. Ch&uacute;ng t&ocirc;i đặt mục ti&ecirc;u qua Heo Đất MoMo quy&ecirc;n g&oacute;p 1.400.000 Heo V&agrave;ng &ndash; quy đổi tương đương 280 triệu VND để hiện thực h&oacute;a dự &aacute;n n&agrave;y.&nbsp;</p>\r\n\r\n<p>Chỉ với ch&uacute;t sức lực nhỏ b&eacute; cũng c&oacute; thể tạo n&ecirc;n những thay đổi lớn cho cuộc sống của người d&acirc;n bản Nậm Khăn, x&atilde; Nậm Khăn, huyện Nậm Pồ, tỉnh Điện Bi&ecirc;n. Ch&uacute;ng t&ocirc;i rất mong nhận được sự đ&oacute;ng g&oacute;p của c&aacute;c nh&agrave; hảo t&acirc;m gi&uacute;p cho c&acirc;y cầu sớm được khởi c&ocirc;ng, để cho người d&acirc;n bản Nậm Khăn an t&acirc;m đi lại, trẻ em vững bước tới trường.</p>\r\n','https://static.mservice.io/blogscontents/momo-upload-api-220818120452-637964210926046594.jpg',2200000,'Opening','2022-09-18','2022-10-18',6,3668),(36,'Chung tay phục hồi mảng xanh, phủ xanh đất trống đồi trọc miền Trung, Quảng Trị','Cùng Quỹ Hoa Chia Sẻ góp sức bảo vệ mảng xanh nhằm hạn chế biến đổi khí hậu và suy thoái môi trường, giảm thiểu thiên tai, hạn hán đối với các vùng đồng bào miền Trung nước ta.','<h2>C&acirc;u chuyện</h2>\r\n\r\n<p><strong>Trận cuồng nộ của thi&ecirc;n nhi&ecirc;n hay c&aacute;i gi&aacute; m&agrave; con người phải trả?</strong></p>\r\n\r\n<p>Khi c&agrave;n qu&eacute;t qua mảnh đất h&igrave;nh chữ S, trận &ldquo;Đại hồng thủy&rdquo; năm 2020 đ&atilde; g&acirc;y ra bao tang thương v&agrave; đau đớn cho b&agrave; con miền Trung. Một th&aacute;ng chống chọi lại b&atilde;o lũ với họ c&ograve;n d&agrave;i hơn cả một cơn &aacute;c mộng. D&ograve;ng nước v&ocirc; t&igrave;nh đ&atilde; cuốn tr&ocirc;i h&agrave;ng ng&agrave;n nh&agrave; cửa, ruộng vườn, cơ nghiệp cả đời - cứ thế mất trắng. Đau đớn hơn cả, l&agrave; h&agrave;ng ng&agrave;n sinh mạng v&ocirc; tội cũng kh&ocirc;ng tr&aacute;nh khỏi cơn cuồng nộ của thi&ecirc;n nhi&ecirc;n, cứ thế ng&atilde; xuống. Ấy l&agrave; những nỗi đau m&agrave; mỗi m&ugrave;a mưa lũ, lại &acirc;m ỉ rỉ m&aacute;u trong l&ograve;ng mỗi người d&acirc;n miền Trung.&nbsp;</p>\r\n\r\n<p><img alt=\"\" src=\"https://static.mservice.io/blogscontents/momo-upload-api-211124181541-637733745411335621.jpg\" style=\"width:100%\" /><em>Mưa lớn khiến nước lũ ngập hơn 700mm ở miền Trung, nhiều nơi đạt kỉ lục 1050mm</em></p>\r\n\r\n<p><img alt=\"\" src=\"https://static.mservice.io/blogscontents/momo-upload-api-211124181615-637733745750290468.jpg\" style=\"width:100%\" /><em>Nước lũ lớn c&agrave;n qu&eacute;t v&agrave; cuốn tr&ocirc;i c&acirc;y cối, nh&agrave; cửa, xe cộ, ruộng vườn</em></p>\r\n\r\n<p>Ngay b&acirc;y giờ, khi thảm họa qua đi, những giải ph&aacute;p nhằm ngăn chặn b&atilde;o lũ đang được cấp b&aacute;ch thực hiện, th&igrave; nhiều người trong số họ vẫn đang loay hoay chưa thể quay trở lại cuộc sống b&igrave;nh thường.</p>\r\n\r\n<p><img alt=\"\" src=\"https://static.mservice.io/blogscontents/momo-upload-api-211124181642-637733746022756711.jpg\" style=\"width:100%\" /><em>Nh&agrave; cửa tan hoang sau cơn b&atilde;o lịch sử</em>&nbsp; &nbsp;&nbsp;</p>\r\n\r\n<p><img alt=\"\" src=\"https://static.mservice.io/blogscontents/momo-upload-api-211124181714-637733746345994377.jpg\" style=\"width:100%\" /><em>H&igrave;nh ảnh người d&acirc;n đang khắc phục, sửa chữa x&oacute;m l&agrave;ng, nh&agrave; cửa đổ n&aacute;t, bị hư hại nặng sau trận Đại hồng thủy</em></p>\r\n\r\n<p>Mất rừng đầu nguồn tự nhi&ecirc;n l&agrave; được cho l&agrave; một trong những nguy&ecirc;n nh&acirc;n ch&iacute;nh của thảm họa thi&ecirc;n nhi&ecirc;n. Trong hơn 20 năm qua, Việt Nam đ&atilde; phải hứng chịu kh&ocirc;ng biết bao nhi&ecirc;u cơn b&atilde;o lớn v&agrave; trận lũ nhỏ. Cũng trong thời gian n&agrave;y, nhiều dự &aacute;n thủy điện được cấp ph&eacute;p x&acirc;y dựng dẫn đến việc chặt ph&aacute; rừng đầu nguồn nhằm phục vụ việc x&acirc;y dựng cơ sở hạ tầng, đ&acirc;y được coi l&agrave; một trong những nguy&ecirc;n nh&acirc;n ch&iacute;nh dẫn đến diện t&iacute;ch rừng đầu nguồn suy giảm đ&aacute;ng kể . Con người đang v&ocirc; t&igrave;nh qu&ecirc;n đi việc bảo vệ những gi&aacute; trị thi&ecirc;n nhi&ecirc;n, bảo vệ cuộc sống b&igrave;nh y&ecirc;n của m&igrave;nh thay v&agrave;o đ&oacute; họ qu&aacute; ch&uacute; trọng v&agrave;o những lợi &iacute;ch kinh tế trước mắt. Gi&aacute; trị của rừng đang dần bị con người coi nhẹ.</p>\r\n\r\n<p><img alt=\"\" src=\"https://static.mservice.io/blogscontents/momo-upload-api-211124181730-637733746504998370.jpg\" style=\"width:100%\" /><em>B&atilde;o lũ ở miền Trung vượt cấp độ 3, nước d&acirc;ng l&ecirc;n đến tận m&aacute;i nh&agrave;</em></p>\r\n\r\n<p>Khi rừng mất đi, kh&ocirc;ng chỉ hạ lưu phải chịu thi&ecirc;n tai lũ lụt, m&agrave; ngay cả thượng nguồn cũng chẳng c&ograve;n g&igrave; để mất.&nbsp;</p>\r\n\r\n<p><strong>C&ugrave;ng Quỹ Hoa Chia Sẻ cứu rừng đầu nguồn &ndash; cứu cuộc sống của ch&iacute;nh ch&uacute;ng ta</strong></p>\r\n\r\n<p>Để sửa chữa v&agrave; khắc phục hậu quả của những việc l&agrave;m ấy, trồng rừng đ&atilde; v&agrave; đang l&agrave; một giải ph&aacute;p hiệu quả v&agrave; thiết thực gi&uacute;p phục hồi c&aacute;c biến đổi của thi&ecirc;n nhi&ecirc;n. Một c&acirc;y xanh mọc l&ecirc;n, một sự sống tồn tại.</p>\r\n','https://static.mservice.io/blogscontents/momo-upload-api-211124181421-637733744614202519.jpg',2500000,'Opening','2022-09-18','2022-10-18',8,4),(43,'Test Has Data','','','https://static.mservice.io/blogscontents/momo-upload-api-220829141210-637973791305528415.jpg',200000,'Disable','2022-10-04','2022-10-04',3,8);
/*!40000 ALTER TABLE `fund` ENABLE KEYS */;
UNLOCK TABLES;

--
-- Table structure for table `user`
--

DROP TABLE IF EXISTS `user`;
/*!40101 SET @saved_cs_client     = @@character_set_client */;
 SET character_set_client = utf8mb4 ;
CREATE TABLE `user` (
  `id` int(11) NOT NULL AUTO_INCREMENT,
  `username` varchar(45) NOT NULL,
  `password` varchar(200) NOT NULL,
  `role` int(11) NOT NULL,
  `fullname` varchar(120) CHARACTER SET utf8 COLLATE utf8_general_ci NOT NULL,
  `sdt` varchar(20) NOT NULL,
  `email` varchar(120) NOT NULL,
  `diachi` varchar(200) DEFAULT NULL,
  `status` varchar(45) NOT NULL DEFAULT 'Actived',
  PRIMARY KEY (`id`),
  UNIQUE KEY `username_UNIQUE` (`username`)
) ENGINE=InnoDB AUTO_INCREMENT=75 DEFAULT CHARSET=utf8;
/*!40101 SET character_set_client = @saved_cs_client */;

--
-- Dumping data for table `user`
--

LOCK TABLES `user` WRITE;
/*!40000 ALTER TABLE `user` DISABLE KEYS */;
INSERT INTO `user` VALUES (2,'nhahaotam1','25d55ad283aa400af464c76d713c07ad',2,'Nhà Hảo Tâm','12321434','','NinhBinh','Inactive'),(3,'nhahaotam2','25d55ad283aa400af464c76d713c07ad',2,'Nhà Hảo Tâm','12321434','asadas','HaiPhong','NotActivated'),(4,'admin','25d55ad283aa400af464c76d713c07ad',1,'Pham Tuan Vu','123435345','admin3@gmail.com','Ninh Binh','Active'),(5,'admin2','25d55ad283aa400af464c76d713c07ad',1,'Pham Tuan Vu','12301948','HaNoi','HaiPhong','Active'),(6,'admin5','25d55ad283aa400af464c76d713c07ad',1,'Pham Tuan Vu','123435345','admin5@gmail.com','Ninh Binh','Active'),(7,'admin6','25d55ad283aa400af464c76d713c07ad',1,'Pham Tuan Vu','123435345','admin6@gmail.com','Ninh Binh','Active'),(8,'admin7','25d55ad283aa400af464c76d713c07ad',1,'Pham Tuan Vu','123435345','admin7@gmail.com','Ninh Binh','Active'),(9,'admin8','25d55ad283aa400af464c76d713c07ad',1,'Pham Tuan Vu','123435345','admin8@gmail.com','Ninh Binh','Active'),(10,'admin9','25d55ad283aa400af464c76d713c07ad',1,'Pham Tuan Vu','123435345','admin9@gmail.com','Ninh Binh','Active'),(11,'nhahaotam3','25f9e794323b453885f5181f1b624d0b',2,'Pham Vu','123453542','nhahaotam3@gmail.com','Ninh Binh','Active'),(12,'nhahaotam4','25d55ad283aa400af464c76d713c07ad',2,'Pham Tuan Vu','123435345','nhahaotam4@gmail.com','Ninh Binh','Active'),(13,'nhahaotam5','25d55ad283aa400af464c76d713c07ad',2,'Pham Tuan Vu','123435345','nhahaotam5@gmail.com','Ninh Binh','Active'),(14,'nhahaotam6','25d55ad283aa400af464c76d713c07ad',2,'Pham Tuan Vu','123435345','nhahaotam6@gmail.com','Ninh Binh','Active'),(15,'nhahaotam7','25d55ad283aa400af464c76d713c07ad',2,'Pham Tuan Vu','123435345','nhahaotam7@gmail.com','Ninh Binh','Active'),(16,'nhahaotam8','25d55ad283aa400af464c76d713c07ad',2,'Pham Tuan Vu','123435345','nhahaotam8@gmail.com','Ninh Binh','Active'),(17,'nhahaotam9','25d55ad283aa400af464c76d713c07ad',2,'Pham Tuan Vu','123435345','nhahaotam9@gmail.com','Ninh Binh','Active'),(67,'vupt172','25d55ad283aa400af464c76d713c07ad',1,'Vũ Admin','0971905583','vu.pt172@gmail.com','Khanh Thien Yen Khanh Ninh Binh','Active'),(68,'someone','25d55ad283aa400af464c76d713c07ad',1,'Nhà Hảo Tâm','133123','vuptfx15655@funix.edu.vn','Khanh Thien Yen Khanh Ninh Binh','Active'),(69,'someone2','6f20a0023a9fcae15e002bb50219a84a',2,'Phạm Tuấn Vũ','133123','f.vupt81@gmail.com','Khanh Thien Yen Khanh Ninh Binh','Inactive'),(70,'someone1','d2689c9cbb08cee95e530c729109e260',2,'Nguyễn Tuấn Anh','0971905583','tuananh123@gmail.com','Bắc Giang','NotActivated'),(73,'phamvuwp8','3238047465b920691c94955b76ff1936',2,'Phạm Tuấn Vũ','0971905583','f.vupt8@gmail.com','Khanh Thien Yen Khanh Ninh Binh','Active');
/*!40000 ALTER TABLE `user` ENABLE KEYS */;
UNLOCK TABLES;
/*!40103 SET TIME_ZONE=@OLD_TIME_ZONE */;

/*!40101 SET SQL_MODE=@OLD_SQL_MODE */;
/*!40014 SET FOREIGN_KEY_CHECKS=@OLD_FOREIGN_KEY_CHECKS */;
/*!40014 SET UNIQUE_CHECKS=@OLD_UNIQUE_CHECKS */;
/*!40101 SET CHARACTER_SET_CLIENT=@OLD_CHARACTER_SET_CLIENT */;
/*!40101 SET CHARACTER_SET_RESULTS=@OLD_CHARACTER_SET_RESULTS */;
/*!40101 SET COLLATION_CONNECTION=@OLD_COLLATION_CONNECTION */;
/*!40111 SET SQL_NOTES=@OLD_SQL_NOTES */;

-- Dump completed on 2022-10-04 21:47:06
